#group,false,false,true,true,false,false,true,true,true,true,true,true,true,true
#datatype,string,long,dateTime:RFC3339,dateTime:RFC3339,dateTime:RFC3339,double,string,string,string,string,string,string,string,string
#default,mean,,,,,,,,,,,,,
,result,table,_start,_stop,_time,_value,_field,_measurement,edge_id,entity_id,entity_type,measurement_id,tag_id,tenant_id
,,0,2026-04-10T04:33:29.296656441Z,2026-04-10T07:33:29.296656441Z,2026-04-10T04:34:00Z,3141952372.8343577,energy,069ceef5-c089-40d5-b56c-6cca9fcfe296,069ceef5-c089-40d5-b56c-6cca9fcfe296,0de12792-1831-4fcd-9a43-d5206e56a013,energy_meter,44f2535a-4548-4677-9fca-62b85d4a1a52,1b3e3023-3e10-4604-b76d-27b885dd33b8,5855b8fe-6af9-4765-aeee-6d8441ec2a70
,,0,2026-04-10T04:33:29.296656441Z,2026-04-10T07:33:29.296656441Z,2026-04-10T04:35:00Z,3141952373.046226,energy,069ceef5-c089-40d5-b56c-6cca9fcfe296,069ceef5-c089-40d5-b56c-6cca9fcfe296,0de12792-1831-4fcd-9a43-d5206e56a013,energy_meter,44f2535a-4548-4677-9fca-62b85d4a1a52,1b3e3023-3e10-4604-b76d-27b885dd33b8,5855b8fe-6af9-4765-aeee-6d8441ec2a70
,,0,2026-04-10T04:33:29.296656441Z,2026-04-10T07:33:29.296656441Z,2026-04-10T04:36:00Z,3141952373.499157,energy,069ceef5-c089-40d5-b56c-6cca9fcfe296,069ceef5-c089-40d5-b56c-6cca9fcfe296,0de12792-1831-4fcd-9a43-d5206e56a013,energy_meter,44f2535a-4548-4677-9fca-62b85d4a1a52,1b3e3023-3e10-4604-b76d-27b885dd33b8,5855b8fe-6af9-4765-aeee-6d8441ec2a70
,,0,2026-04-10T04:33:29.296656441Z,2026-04-10T07:33:29.296656441Z,2026-04-10T04:37:00Z,3141952374.03344,energy,069ceef5-c089-40d5-b56c-6cca9fcfe296,069ceef5-c089-40d5-b56c-6cca9fcfe296,0de12792-1831-4fcd-9a43-d5206e56a013,energy_meter,44f2535a-4548-4677-9fca-62b85d4a1a52,1b3e3023-3e10-4604-b76d-27b885dd33b8,5855b8fe-6af9-4765-aeee-6d8441ec2a70
,,0,2026-04-10T04:33:29.296656441Z,2026-04-10T07:33:29.296656441Z,2026-04-10T04:38:00Z,3141952374.6220984,energy,069ceef5-c089-40d5-b56c-6cca9fcfe296,069ceef5-c089-40d5-b56c-6cca9fcfe296,0de12792-1831-4fcd-9a43-d5206e56a013,energy_meter,44f2535a-4548-4677-9fca-62b85d4a1a52,1b3e3023-3e10-4604-b76d-27b885dd33b8,5855b8fe-6af9-4765-aeee-6d8441ec2a70
,,0,2026-04-10T04:33:29.296656441Z,2026-04-10T07:33:29.296656441Z,2026-04-10T04:39:00Z,3141952375.247213,energy,069ceef5-c089-40d5-b56c-6cca9fcfe296,069ceef5-c089-40d5-b56c-6cca9fcfe296,0de12792-1831-4fcd-9a43-d5206e56a013,energy_meter,44f2535a-4548-4677-9fca-62b85d4a1a52,1b3e3023-3e10-4604-b76d-27b885dd33b8,5855b8fe-6af9-4765-aeee-6d8441ec2a70
,,0,2026-04-10T04:33:29.296656441Z,2026-04-10T07:33:29.296656441Z,2026-04-10T04:40:00Z,3141952375.765091,energy,069ceef5-c089-40d5-b56c-6cca9fcfe296,069ceef5-c089-40d5-b56c-6cca9fcfe296,0de12792-1831-4fcd-9a43-d5206e56a013,energy_meter,44f2535a-4548-4677-9fca-62b85d4a1a52,1b3e3023-3e10-4604-b76d-27b885dd33b8,5855b8fe-6af9-4765-aeee-6d8441ec2a70
,,0,2026-04-10T04:33:29.296656441Z,2026-04-10T07:33:29.296656441Z,2026-04-10T04:41:00Z,3141952376.1231117,energy,069ceef5-c089-40d5-b56c-6cca9fcfe296,069ceef5-c089-40d5-b56c-6cca9fcfe296,0de12792-1831-4fcd-9a43-d5206e56a013,energy_meter,44f2535a-4548-4677-9fca-62b85d4a1a52,1b3e3023-3e10-4604-b76d-27b885dd33b8,5855b8fe-6af9-4765-aeee-6d8441ec2a70
,,0,2026-04-10T04:33:29.296656441Z,2026-04-10T07:33:29.296656441Z,2026-04-10T04:42:00Z,3141952376.4357796,energy,069ceef5-c089-40d5-b56c-6cca9fcfe296,069ceef5-c089-40d5-b56c-6cca9fcfe296,0de12792-1831-4fcd-9a43-d5206e56a013,energy_meter,44f2535a-4548-4677-9fca-62b85d4a1a52,1b3e3023-3e10-4604-b76d-27b885dd33b8,5855b8fe-6af9-4765-aeee-6d8441ec2a70
,,0,2026-04-10T04:33:29.296656441Z,2026-04-10T07:33:29.296656441Z,2026-04-10T04:43:00Z,3141952376.839659,energy,069ceef5-c089-40d5-b56c-6cca9fcfe296,069ceef5-c089-40d5-b56c-6cca9fcfe296,0de12792-1831-4fcd-9a43-d5206e56a013,energy_meter,44f2535a-4548-4677-9fca-62b85d4a1a52,1b3e3023-3e10-4604-b76d-27b885dd33b8,5855b8fe-6af9-4765-aeee-6d8441ec2a70
,,0,2026-04-10T04:33:29.296656441Z,2026-04-10T07:33:29.296656441Z,2026-04-10T04:44:00Z,3141952377.3770814,energy,069ceef5-c089-40d5-b56c-6cca9fcfe296,069ceef5-c089-40d5-b56c-6cca9fcfe296,0de12792-1831-4fcd-9a43-d5206e56a013,energy_meter,44f2535a-4548-4677-9fca-62b85d4a1a52,1b3e3023-3e10-4604-b76d-27b885dd33b8,5855b8fe-6af9-4765-aeee-6d8441ec2a70
,,0,2026-04-10T04:33:29.296656441Z,2026-04-10T07:33:29.296656441Z,2026-04-10T04:45:00Z,3141952377.994885,energy,069ceef5-c089-40d5-b56c-6cca9fcfe296,069ceef5-c089-40d5-b56c-6cca9fcfe296,0de12792-1831-4fcd-9a43-d5206e56a013,energy_meter,44f2535a-4548-4677-9fca-62b85d4a1a52,1b3e3023-3e10-4604-b76d-27b885dd33b8,5855b8fe-6af9-4765-aeee-6d8441ec2a70
,,0,2026-04-10T04:33:29.296656441Z,2026-04-10T07:33:29.296656441Z,2026-04-10T04:46:00Z,3141952378.5876713,energy,069ceef5-c089-40d5-b56c-6cca9fcfe296,069ceef5-c089-40d5-b56c-6cca9fcfe296,0de12792-1831-4fcd-9a43-d5206e56a013,energy_meter,44f2535a-4548-4677-9fca-62b85d4a1a52,1b3e3023-3e10-4604-b76d-27b885dd33b8,5855b8fe-6af9-4765-aeee-6d8441ec2a70
,,0,2026-04-10T04:33:29.296656441Z,2026-04-10T07:33:29.296656441Z,2026-04-10T04:47:00Z,3141952379.009403,energy,069ceef5-c089-40d5-b56c-6cca9fcfe296,069ceef5-c089-40d5-b56c-6cca9fcfe296,0de12792-1831-4fcd-9a43-d5206e56a013,energy_meter,44f2535a-4548-4677-9fca-62b85d4a1a52,1b3e3023-3e10-4604-b76d-27b885dd33b8,5855b8fe-6af9-4765-aeee-6d8441ec2a70
,,0,2026-04-10T04:33:29.296656441Z,2026-04-10T07:33:29.296656441Z,2026-04-10T04:48:00Z,3141952379.2965865,energy,069ceef5-c089-40d5-b56c-6cca9fcfe296,069ceef5-c089-40d5-b56c-6cca9fcfe296,0de12792-1831-4fcd-9a43-d5206e56a013,energy_meter,44f2535a-4548-4677-9fca-62b85d4a1a52,1b3e3023-3e10-4604-b76d-27b885dd33b8,5855b8fe-6af9-4765-aeee-6d8441ec2a70
,,0,2026-04-10T04:33:29.296656441Z,2026-04-10T07:33:29.296656441Z,2026-04-10T04:49:00Z,3141952379.6409345,energy,069ceef5-c089-40d5-b56c-6cca9fcfe296,069ceef5-c089-40d5-b56c-6cca9fcfe296,0de12792-1831-4fcd-9a43-d5206e56a013,energy_meter,44f2535a-4548-4677-9fca-62b85d4a1a52,1b3e3023-3e10-4604-b76d-27b885dd33b8,5855b8fe-6af9-4765-aeee-6d8441ec2a70
,,0,2026-04-10T04:33:29.296656441Z,2026-04-10T07:33:29.296656441Z,2026-04-10T04:50:00Z,3141952380.1859813,energy,069ceef5-c089-40d5-b56c-6cca9fcfe296,069ceef5-c089-40d5-b56c-6cca9fcfe296,0de12792-1831-4fcd-9a43-d5206e56a013,energy_meter,44f2535a-4548-4677-9fca-62b85d4a1a52,1b3e3023-3e10-4604-b76d-27b885dd33b8,5855b8fe-6af9-4765-aeee-6d8441ec2a70
,,0,2026-04-10T04:33:29.296656441Z,2026-04-10T07:33:29.296656441Z,2026-04-10T04:51:00Z,3141952380.820978,energy,069ceef5-c089-40d5-b56c-6cca9fcfe296,069ceef5-c089-40d5-b56c-6cca9fcfe296,0de12792-1831-4fcd-9a43-d5206e56a013,energy_meter,44f2535a-4548-4677-9fca-62b85d4a1a52,1b3e3023-3e10-4604-b76d-27b885dd33b8,5855b8fe-6af9-4765-aeee-6d8441ec2a70
,,0,2026-04-10T04:33:29.296656441Z,2026-04-10T07:33:29.296656441Z,2026-04-10T04:52:00Z,3141952381.468022,energy,069ceef5-c089-40d5-b56c-6cca9fcfe296,069ceef5-c089-40d5-b56c-6cca9fcfe296,0de12792-1831-4fcd-9a43-d5206e56a013,energy_meter,44f2535a-4548-4677-9fca-62b85d4a1a52,1b3e3023-3e10-4604-b76d-27b885dd33b8,5855b8fe-6af9-4765-aeee-6d8441ec2a70
,,0,2026-04-10T04:33:29.296656441Z,2026-04-10T07:33:29.296656441Z,2026-04-10T04:53:00Z,3141952382.0175834,energy,069ceef5-c089-40d5-b56c-6cca9fcfe296,069ceef5-c089-40d5-b56c-6cca9fcfe296,0de12792-1831-4fcd-9a43-d5206e56a013,energy_meter,44f2535a-4548-4677-9fca-62b85d4a1a52,1b3e3023-3e10-4604-b76d-27b885dd33b8,5855b8fe-6af9-4765-aeee-6d8441ec2a70
,,0,2026-04-10T04:33:29.296656441Z,2026-04-10T07:33:29.296656441Z,2026-04-10T04:54:00Z,3141952382.451468,energy,069ceef5-c089-40d5-b56c-6cca9fcfe296,069ceef5-c089-40d5-b56c-6cca9fcfe296,0de12792-1831-4fcd-9a43-d5206e56a013,energy_meter,44f2535a-4548-4677-9fca-62b85d4a1a52,1b3e3023-3e10-4604-b76d-27b885dd33b8,5855b8fe-6af9-4765-aeee-6d8441ec2a70
,,0,2026-04-10T04:33:29.296656441Z,2026-04-10T07:33:29.296656441Z,2026-04-10T04:55:00Z,3141952382.7563763,energy,069ceef5-c089-40d5-b56c-6cca9fcfe296,069ceef5-c089-40d5-b56c-6cca9fcfe296,0de12792-1831-4fcd-9a43-d5206e56a013,energy_meter,44f2535a-4548-4677-9fca-62b85d4a1a52,1b3e3023-3e10-4604-b76d-27b885dd33b8,5855b8fe-6af9-4765-aeee-6d8441ec2a70
,,0,2026-04-10T04:33:29.296656441Z,2026-04-10T07:33:29.296656441Z,2026-04-10T04:56:00Z,3141952383.0707316,energy,069ceef5-c089-40d5-b56c-6cca9fcfe296,069ceef5-c089-40d5-b56c-6cca9fcfe296,0de12792-1831-4fcd-9a43-d5206e56a013,energy_meter,44f2535a-4548-4677-9fca-62b85d4a1a52,1b3e3023-3e10-4604-b76d-27b885dd33b8,5855b8fe-6af9-4765-aeee-6d8441ec2a70
,,0,2026-04-10T04:33:29.296656441Z,2026-04-10T07:33:29.296656441Z,2026-04-10T04:57:00Z,3141952383.55909,energy,069ceef5-c089-40d5-b56c-6cca9fcfe296,069ceef5-c089-40d5-b56c-6cca9fcfe296,0de12792-1831-4fcd-9a43-d5206e56a013,energy_meter,44f2535a-4548-4677-9fca-62b85d4a1a52,1b3e3023-3e10-4604-b76d-27b885dd33b8,5855b8fe-6af9-4765-aeee-6d8441ec2a70
,,0,2026-04-10T04:33:29.296656441Z,2026-04-10T07:33:29.296656441Z,2026-04-10T04:58:00Z,3141952384.150126,energy,069ceef5-c089-40d5-b56c-6cca9fcfe296,069ceef5-c089-40d5-b56c-6cca9fcfe296,0de12792-1831-4fcd-9a43-d5206e56a013,energy_meter,44f2535a-4548-4677-9fca-62b85d4a1a52,1b3e3023-3e10-4604-b76d-27b885dd33b8,5855b8fe-6af9-4765-aeee-6d8441ec2a70
,,0,2026-04-10T04:33:29.296656441Z,2026-04-10T07:33:29.296656441Z,2026-04-10T04:59:00Z,3141952384.7728996,energy,069ceef5-c089-40d5-b56c-6cca9fcfe296,069ceef5-c089-40d5-b56c-6cca9fcfe296,0de12792-1831-4fcd-9a43-d5206e56a013,energy_meter,44f2535a-4548-4677-9fca-62b85d4a1a52,1b3e3023-3e10-4604-b76d-27b885dd33b8,5855b8fe-6af9-4765-aeee-6d8441ec2a70
,,0,2026-04-10T04:33:29.296656441Z,2026-04-10T07:33:29.296656441Z,2026-04-10T05:00:00Z,3141952385.3668957,energy,069ceef5-c089-40d5-b56c-6cca9fcfe296,069ceef5-c089-40d5-b56c-6cca9fcfe296,0de12792-1831-4fcd-9a43-d5206e56a013,energy_meter,44f2535a-4548-4677-9fca-62b85d4a1a52,1b3e3023-3e10-4604-b76d-27b885dd33b8,5855b8fe-6af9-4765-aeee-6d8441ec2a70
,,0,2026-04-10T04:33:29.296656441Z,2026-04-10T07:33:29.296656441Z,2026-04-10T05:01:00Z,3141952385.8198667,energy,069ceef5-c089-40d5-b56c-6cca9fcfe296,069ceef5-c089-40d5-b56c-6cca9fcfe296,0de12792-1831-4fcd-9a43-d5206e56a013,energy_meter,44f2535a-4548-4677-9fca-62b85d4a1a52,1b3e3023-3e10-4604-b76d-27b885dd33b8,5855b8fe-6af9-4765-aeee-6d8441ec2a70
,,0,2026-04-10T04:33:29.296656441Z,2026-04-10T07:33:29.296656441Z,2026-04-10T05:02:00Z,3141952386.059551,energy,069ceef5-c089-40d5-b56c-6cca9fcfe296,069ceef5-c089-40d5-b56c-6cca9fcfe296,0de12792-1831-4fcd-9a43-d5206e56a013,energy_meter,44f2535a-4548-4677-9fca-62b85d4a1a52,1b3e3023-3e10-4604-b76d-27b885dd33b8,5855b8fe-6af9-4765-aeee-6d8441ec2a70
,,0,2026-04-10T04:33:29.296656441Z,2026-04-10T07:33:29.296656441Z,2026-04-10T05:03:00Z,3141952386.263951,energy,069ceef5-c089-40d5-b56c-6cca9fcfe296,069ceef5-c089-40d5-b56c-6cca9fcfe296,0de12792-1831-4fcd-9a43-d5206e56a013,energy_meter,44f2535a-4548-4677-9fca-62b85d4a1a52,1b3e3023-3e10-4604-b76d-27b885dd33b8,5855b8fe-6af9-4765-aeee-6d8441ec2a70
,,0,2026-04-10T04:33:29.296656441Z,2026-04-10T07:33:29.296656441Z,2026-04-10T05:04:00Z,3141952386.677011,energy,069ceef5-c089-40d5-b56c-6cca9fcfe296,069ceef5-c089-40d5-b56c-6cca9fcfe296,0de12792-1831-4fcd-9a43-d5206e56a013,energy_meter,44f2535a-4548-4677-9fca-62b85d4a1a52,1b3e3023-3e10-4604-b76d-27b885dd33b8,5855b8fe-6af9-4765-aeee-6d8441ec2a70
,,0,2026-04-10T04:33:29.296656441Z,2026-04-10T07:33:29.296656441Z,2026-04-10T05:05:00Z,3141952387.3096976,energy,069ceef5-c089-40d5-b56c-6cca9fcfe296,069ceef5-c089-40d5-b56c-6cca9fcfe296,0de12792-1831-4fcd-9a43-d5206e56a013,energy_meter,44f2535a-4548-4677-9fca-62b85d4a1a52,1b3e3023-3e10-4604-b76d-27b885dd33b8,5855b8fe-6af9-4765-aeee-6d8441ec2a70
,,0,2026-04-10T04:33:29.296656441Z,2026-04-10T07:33:29.296656441Z,2026-04-10T05:06:00Z,3141952388.0365853,energy,069ceef5-c089-40d5-b56c-6cca9fcfe296,069ceef5-c089-40d5-b56c-6cca9fcfe296,0de12792-1831-4fcd-9a43-d5206e56a013,energy_meter,44f2535a-4548-4677-9fca-62b85d4a1a52,1b3e3023-3e10-4604-b76d-27b885dd33b8,5855b8fe-6af9-4765-aeee-6d8441ec2a70
,,0,2026-04-10T04:33:29.296656441Z,2026-04-10T07:33:29.296656441Z,2026-04-10T05:07:00Z,3141952388.748993,energy,069ceef5-c089-40d5-b56c-6cca9fcfe296,069ceef5-c089-40d5-b56c-6cca9fcfe296,0de12792-1831-4fcd-9a43-d5206e56a013,energy_meter,44f2535a-4548-4677-9fca-62b85d4a1a52,1b3e3023-3e10-4604-b76d-27b885dd33b8,5855b8fe-6af9-4765-aeee-6d8441ec2a70
,,0,2026-04-10T04:33:29.296656441Z,2026-04-10T07:33:29.296656441Z,2026-04-10T05:08:00Z,3141952389.2017307,energy,069ceef5-c089-40d5-b56c-6cca9fcfe296,069ceef5-c089-40d5-b56c-6cca9fcfe296,0de12792-1831-4fcd-9a43-d5206e56a013,energy_meter,44f2535a-4548-4677-9fca-62b85d4a1a52,1b3e3023-3e10-4604-b76d-27b885dd33b8,5855b8fe-6af9-4765-aeee-6d8441ec2a70
,,0,2026-04-10T04:33:29.296656441Z,2026-04-10T07:33:29.296656441Z,2026-04-10T05:09:00Z,3141952389.444055,energy,069ceef5-c089-40d5-b56c-6cca9fcfe296,069ceef5-c089-40d5-b56c-6cca9fcfe296,0de12792-1831-4fcd-9a43-d5206e56a013,energy_meter,44f2535a-4548-4677-9fca-62b85d4a1a52,1b3e3023-3e10-4604-b76d-27b885dd33b8,5855b8fe-6af9-4765-aeee-6d8441ec2a70
,,0,2026-04-10T04:33:29.296656441Z,2026-04-10T07:33:29.296656441Z,2026-04-10T05:10:00Z,3141952389.6354775,energy,069ceef5-c089-40d5-b56c-6cca9fcfe296,069ceef5-c089-40d5-b56c-6cca9fcfe296,0de12792-1831-4fcd-9a43-d5206e56a013,energy_meter,44f2535a-4548-4677-9fca-62b85d4a1a52,1b3e3023-3e10-4604-b76d-27b885dd33b8,5855b8fe-6af9-4765-aeee-6d8441ec2a70
,,0,2026-04-10T04:33:29.296656441Z,2026-04-10T07:33:29.296656441Z,2026-04-10T05:11:00Z,3141952390.0729294,energy,069ceef5-c089-40d5-b56c-6cca9fcfe296,069ceef5-c089-40d5-b56c-6cca9fcfe296,0de12792-1831-4fcd-9a43-d5206e56a013,energy_meter,44f2535a-4548-4677-9fca-62b85d4a1a52,1b3e3023-3e10-4604-b76d-27b885dd33b8,5855b8fe-6af9-4765-aeee-6d8441ec2a70
,,0,2026-04-10T04:33:29.296656441Z,2026-04-10T07:33:29.296656441Z,2026-04-10T05:12:00Z,3141952390.7544875,energy,069ceef5-c089-40d5-b56c-6cca9fcfe296,069ceef5-c089-40d5-b56c-6cca9fcfe296,0de12792-1831-4fcd-9a43-d5206e56a013,energy_meter,44f2535a-4548-4677-9fca-62b85d4a1a52,1b3e3023-3e10-4604-b76d-27b885dd33b8,5855b8fe-6af9-4765-aeee-6d8441ec2a70
,,0,2026-04-10T04:33:29.296656441Z,2026-04-10T07:33:29.296656441Z,2026-04-10T05:13:00Z,3141952391.4880433,energy,069ceef5-c089-40d5-b56c-6cca9fcfe296,069ceef5-c089-40d5-b56c-6cca9fcfe296,0de12792-1831-4fcd-9a43-d5206e56a013,energy_meter,44f2535a-4548-4677-9fca-62b85d4a1a52,1b3e3023-3e10-4604-b76d-27b885dd33b8,5855b8fe-6af9-4765-aeee-6d8441ec2a70
,,0,2026-04-10T04:33:29.296656441Z,2026-04-10T07:33:29.296656441Z,2026-04-10T05:14:00Z,3141952392.182165,energy,069ceef5-c089-40d5-b56c-6cca9fcfe296,069ceef5-c089-40d5-b56c-6cca9fcfe296,0de12792-1831-4fcd-9a43-d5206e56a013,energy_meter,44f2535a-4548-4677-9fca-62b85d4a1a52,1b3e3023-3e10-4604-b76d-27b885dd33b8,5855b8fe-6af9-4765-aeee-6d8441ec2a70
,,0,2026-04-10T04:33:29.296656441Z,2026-04-10T07:33:29.296656441Z,2026-04-10T05:15:00Z,3141952392.601581,energy,069ceef5-c089-40d5-b56c-6cca9fcfe296,069ceef5-c089-40d5-b56c-6cca9fcfe296,0de12792-1831-4fcd-9a43-d5206e56a013,energy_meter,44f2535a-4548-4677-9fca-62b85d4a1a52,1b3e3023-3e10-4604-b76d-27b885dd33b8,5855b8fe-6af9-4765-aeee-6d8441ec2a70
,,0,2026-04-10T04:33:29.296656441Z,2026-04-10T07:33:29.296656441Z,2026-04-10T05:16:00Z,3141952392.7865357,energy,069ceef5-c089-40d5-b56c-6cca9fcfe296,069ceef5-c089-40d5-b56c-6cca9fcfe296,0de12792-1831-4fcd-9a43-d5206e56a013,energy_meter,44f2535a-4548-4677-9fca-62b85d4a1a52,1b3e3023-3e10-4604-b76d-27b885dd33b8,5855b8fe-6af9-4765-aeee-6d8441ec2a70
,,0,2026-04-10T04:33:29.296656441Z,2026-04-10T07:33:29.296656441Z,2026-04-10T05:17:00Z,3141952392.9686065,energy,069ceef5-c089-40d5-b56c-6cca9fcfe296,069ceef5-c089-40d5-b56c-6cca9fcfe296,0de12792-1831-4fcd-9a43-d5206e56a013,energy_meter,44f2535a-4548-4677-9fca-62b85d4a1a52,1b3e3023-3e10-4604-b76d-27b885dd33b8,5855b8fe-6af9-4765-aeee-6d8441ec2a70
,,0,2026-04-10T04:33:29.296656441Z,2026-04-10T07:33:29.296656441Z,2026-04-10T05:18:00Z,3141952393.3403993,energy,069ceef5-c089-40d5-b56c-6cca9fcfe296,069ceef5-c089-40d5-b56c-6cca9fcfe296,0de12792-1831-4fcd-9a43-d5206e56a013,energy_meter,44f2535a-4548-4677-9fca-62b85d4a1a52,1b3e3023-3e10-4604-b76d-27b885dd33b8,5855b8fe-6af9-4765-aeee-6d8441ec2a70
,,0,2026-04-10T04:33:29.296656441Z,2026-04-10T07:33:29.296656441Z,2026-04-10T05:19:00Z,3141952394.0082946,energy,069ceef5-c089-40d5-b56c-6cca9fcfe296,069ceef5-c089-40d5-b56c-6cca9fcfe296,0de12792-1831-4fcd-9a43-d5206e56a013,energy_meter,44f2535a-4548-4677-9fca-62b85d4a1a52,1b3e3023-3e10-4604-b76d-27b885dd33b8,5855b8fe-6af9-4765-aeee-6d8441ec2a70
,,0,2026-04-10T04:33:29.296656441Z,2026-04-10T07:33:29.296656441Z,2026-04-10T05:20:00Z,3141952394.8040137,energy,069ceef5-c089-40d5-b56c-6cca9fcfe296,069ceef5-c089-40d5-b56c-6cca9fcfe296,0de12792-1831-4fcd-9a43-d5206e56a013,energy_meter,44f2535a-4548-4677-9fca-62b85d4a1a52,1b3e3023-3e10-4604-b76d-27b885dd33b8,5855b8fe-6af9-4765-aeee-6d8441ec2a70
,,0,2026-04-10T04:33:29.296656441Z,2026-04-10T07:33:29.296656441Z,2026-04-10T05:21:00Z,3141952395.5473003,energy,069ceef5-c089-40d5-b56c-6cca9fcfe296,069ceef5-c089-40d5-b56c-6cca9fcfe296,0de12792-1831-4fcd-9a43-d5206e56a013,energy_meter,44f2535a-4548-4677-9fca-62b85d4a1a52,1b3e3023-3e10-4604-b76d-27b885dd33b8,5855b8fe-6af9-4765-aeee-6d8441ec2a70
,,0,2026-04-10T04:33:29.296656441Z,2026-04-10T07:33:29.296656441Z,2026-04-10T05:22:00Z,3141952396.014202,energy,069ceef5-c089-40d5-b56c-6cca9fcfe296,069ceef5-c089-40d5-b56c-6cca9fcfe296,0de12792-1831-4fcd-9a43-d5206e56a013,energy_meter,44f2535a-4548-4677-9fca-62b85d4a1a52,1b3e3023-3e10-4604-b76d-27b885dd33b8,5855b8fe-6af9-4765-aeee-6d8441ec2a70
,,0,2026-04-10T04:33:29.296656441Z,2026-04-10T07:33:29.296656441Z,2026-04-10T05:23:00Z,3141952396.243013,energy,069ceef5-c089-40d5-b56c-6cca9fcfe296,069ceef5-c089-40d5-b56c-6cca9fcfe296,0de12792-1831-4fcd-9a43-d5206e56a013,energy_meter,44f2535a-4548-4677-9fca-62b85d4a1a52,1b3e3023-3e10-4604-b76d-27b885dd33b8,5855b8fe-6af9-4765-aeee-6d8441ec2a70
,,0,2026-04-10T04:33:29.296656441Z,2026-04-10T07:33:29.296656441Z,2026-04-10T05:24:00Z,3141952396.438694,energy,069ceef5-c089-40d5-b56c-6cca9fcfe296,069ceef5-c089-40d5-b56c-6cca9fcfe296,0de12792-1831-4fcd-9a43-d5206e56a013,energy_meter,44f2535a-4548-4677-9fca-62b85d4a1a52,1b3e3023-3e10-4604-b76d-27b885dd33b8,5855b8fe-6af9-4765-aeee-6d8441ec2a70
,,0,2026-04-10T04:33:29.296656441Z,2026-04-10T07:33:29.296656441Z,2026-04-10T05:25:00Z,3141952396.8617263,energy,069ceef5-c089-40d5-b56c-6cca9fcfe296,069ceef5-c089-40d5-b56c-6cca9fcfe296,0de12792-1831-4fcd-9a43-d5206e56a013,energy_meter,44f2535a-4548-4677-9fca-62b85d4a1a52,1b3e3023-3e10-4604-b76d-27b885dd33b8,5855b8fe-6af9-4765-aeee-6d8441ec2a70
,,0,2026-04-10T04:33:29.296656441Z,2026-04-10T07:33:29.296656441Z,2026-04-10T05:26:00Z,3141952397.535173,energy,069ceef5-c089-40d5-b56c-6cca9fcfe296,069ceef5-c089-40d5-b56c-6cca9fcfe296,0de12792-1831-4fcd-9a43-d5206e56a013,energy_meter,44f2535a-4548-4677-9fca-62b85d4a1a52,1b3e3023-3e10-4604-b76d-27b885dd33b8,5855b8fe-6af9-4765-aeee-6d8441ec2a70
,,0,2026-04-10T04:33:29.296656441Z,2026-04-10T07:33:29.296656441Z,2026-04-10T05:27:00Z,3141952398.278953,energy,069ceef5-c089-40d5-b56c-6cca9fcfe296,069ceef5-c089-40d5-b56c-6cca9fcfe296,0de12792-1831-4fcd-9a43-d5206e56a013,energy_meter,44f2535a-4548-4677-9fca-62b85d4a1a52,1b3e3023-3e10-4604-b76d-27b885dd33b8,5855b8fe-6af9-4765-aeee-6d8441ec2a70
,,0,2026-04-10T04:33:29.296656441Z,2026-04-10T07:33:29.296656441Z,2026-04-10T05:28:00Z,3141952398.987948,energy,069ceef5-c089-40d5-b56c-6cca9fcfe296,069ceef5-c089-40d5-b56c-6cca9fcfe296,0de12792-1831-4fcd-9a43-d5206e56a013,energy_meter,44f2535a-4548-4677-9fca-62b85d4a1a52,1b3e3023-3e10-4604-b76d-27b885dd33b8,5855b8fe-6af9-4765-aeee-6d8441ec2a70
,,0,2026-04-10T04:33:29.296656441Z,2026-04-10T07:33:29.296656441Z,2026-04-10T05:29:00Z,3141952399.4475,energy,069ceef5-c089-40d5-b56c-6cca9fcfe296,069ceef5-c089-40d5-b56c-6cca9fcfe296,0de12792-1831-4fcd-9a43-d5206e56a013,energy_meter,44f2535a-4548-4677-9fca-62b85d4a1a52,1b3e3023-3e10-4604-b76d-27b885dd33b8,5855b8fe-6af9-4765-aeee-6d8441ec2a70
,,0,2026-04-10T04:33:29.296656441Z,2026-04-10T07:33:29.296656441Z,2026-04-10T05:30:00Z,3141952399.7267995,energy,069ceef5-c089-40d5-b56c-6cca9fcfe296,069ceef5-c089-40d5-b56c-6cca9fcfe296,0de12792-1831-4fcd-9a43-d5206e56a013,energy_meter,44f2535a-4548-4677-9fca-62b85d4a1a52,1b3e3023-3e10-4604-b76d-27b885dd33b8,5855b8fe-6af9-4765-aeee-6d8441ec2a70
,,0,2026-04-10T04:33:29.296656441Z,2026-04-10T07:33:29.296656441Z,2026-04-10T05:31:00Z,3141952399.964043,energy,069ceef5-c089-40d5-b56c-6cca9fcfe296,069ceef5-c089-40d5-b56c-6cca9fcfe296,0de12792-1831-4fcd-9a43-d5206e56a013,energy_meter,44f2535a-4548-4677-9fca-62b85d4a1a52,1b3e3023-3e10-4604-b76d-27b885dd33b8,5855b8fe-6af9-4765-aeee-6d8441ec2a70
,,0,2026-04-10T04:33:29.296656441Z,2026-04-10T07:33:29.296656441Z,2026-04-10T05:32:00Z,3141952400.3388877,energy,069ceef5-c089-40d5-b56c-6cca9fcfe296,069ceef5-c089-40d5-b56c-6cca9fcfe296,0de12792-1831-4fcd-9a43-d5206e56a013,energy_meter,44f2535a-4548-4677-9fca-62b85d4a1a52,1b3e3023-3e10-4604-b76d-27b885dd33b8,5855b8fe-6af9-4765-aeee-6d8441ec2a70
,,0,2026-04-10T04:33:29.296656441Z,2026-04-10T07:33:29.296656441Z,2026-04-10T05:33:00Z,3141952400.967488,energy,069ceef5-c089-40d5-b56c-6cca9fcfe296,069ceef5-c089-40d5-b56c-6cca9fcfe296,0de12792-1831-4fcd-9a43-d5206e56a013,energy_meter,44f2535a-4548-4677-9fca-62b85d4a1a52,1b3e3023-3e10-4604-b76d-27b885dd33b8,5855b8fe-6af9-4765-aeee-6d8441ec2a70
,,0,2026-04-10T04:33:29.296656441Z,2026-04-10T07:33:29.296656441Z,2026-04-10T05:34:00Z,3141952401.7160683,energy,069ceef5-c089-40d5-b56c-6cca9fcfe296,069ceef5-c089-40d5-b56c-6cca9fcfe296,0de12792-1831-4fcd-9a43-d5206e56a013,energy_meter,44f2535a-4548-4677-9fca-62b85d4a1a52,1b3e3023-3e10-4604-b76d-27b885dd33b8,5855b8fe-6af9-4765-aeee-6d8441ec2a70
,,0,2026-04-10T04:33:29.296656441Z,2026-04-10T07:33:29.296656441Z,2026-04-10T05:35:00Z,3141952402.4330254,energy,069ceef5-c089-40d5-b56c-6cca9fcfe296,069ceef5-c089-40d5-b56c-6cca9fcfe296,0de12792-1831-4fcd-9a43-d5206e56a013,energy_meter,44f2535a-4548-4677-9fca-62b85d4a1a52,1b3e3023-3e10-4604-b76d-27b885dd33b8,5855b8fe-6af9-4765-aeee-6d8441ec2a70
,,0,2026-04-10T04:33:29.296656441Z,2026-04-10T07:33:29.296656441Z,2026-04-10T05:36:00Z,3141952402.923813,energy,069ceef5-c089-40d5-b56c-6cca9fcfe296,069ceef5-c089-40d5-b56c-6cca9fcfe296,0de12792-1831-4fcd-9a43-d5206e56a013,energy_meter,44f2535a-4548-4677-9fca-62b85d4a1a52,1b3e3023-3e10-4604-b76d-27b885dd33b8,5855b8fe-6af9-4765-aeee-6d8441ec2a70
,,0,2026-04-10T04:33:29.296656441Z,2026-04-10T07:33:29.296656441Z,2026-04-10T05:37:00Z,3141952403.212395,energy,069ceef5-c089-40d5-b56c-6cca9fcfe296,069ceef5-c089-40d5-b56c-6cca9fcfe296,0de12792-1831-4fcd-9a43-d5206e56a013,energy_meter,44f2535a-4548-4677-9fca-62b85d4a1a52,1b3e3023-3e10-4604-b76d-27b885dd33b8,5855b8fe-6af9-4765-aeee-6d8441ec2a70
,,0,2026-04-10T04:33:29.296656441Z,2026-04-10T07:33:29.296656441Z,2026-04-10T05:38:00Z,3141952403.4627705,energy,069ceef5-c089-40d5-b56c-6cca9fcfe296,069ceef5-c089-40d5-b56c-6cca9fcfe296,0de12792-1831-4fcd-9a43-d5206e56a013,energy_meter,44f2535a-4548-4677-9fca-62b85d4a1a52,1b3e3023-3e10-4604-b76d-27b885dd33b8,5855b8fe-6af9-4765-aeee-6d8441ec2a70
,,0,2026-04-10T04:33:29.296656441Z,2026-04-10T07:33:29.296656441Z,2026-04-10T05:39:00Z,3141952403.8442416,energy,069ceef5-c089-40d5-b56c-6cca9fcfe296,069ceef5-c089-40d5-b56c-6cca9fcfe296,0de12792-1831-4fcd-9a43-d5206e56a013,energy_meter,44f2535a-4548-4677-9fca-62b85d4a1a52,1b3e3023-3e10-4604-b76d-27b885dd33b8,5855b8fe-6af9-4765-aeee-6d8441ec2a70
,,0,2026-04-10T04:33:29.296656441Z,2026-04-10T07:33:29.296656441Z,2026-04-10T05:40:00Z,3141952404.4540524,energy,069ceef5-c089-40d5-b56c-6cca9fcfe296,069ceef5-c089-40d5-b56c-6cca9fcfe296,0de12792-1831-4fcd-9a43-d5206e56a013,energy_meter,44f2535a-4548-4677-9fca-62b85d4a1a52,1b3e3023-3e10-4604-b76d-27b885dd33b8,5855b8fe-6af9-4765-aeee-6d8441ec2a70
,,0,2026-04-10T04:33:29.296656441Z,2026-04-10T07:33:29.296656441Z,2026-04-10T05:41:00Z,3141952405.1582465,energy,069ceef5-c089-40d5-b56c-6cca9fcfe296,069ceef5-c089-40d5-b56c-6cca9fcfe296,0de12792-1831-4fcd-9a43-d5206e56a013,energy_meter,44f2535a-4548-4677-9fca-62b85d4a1a52,1b3e3023-3e10-4604-b76d-27b885dd33b8,5855b8fe-6af9-4765-aeee-6d8441ec2a70
,,0,2026-04-10T04:33:29.296656441Z,2026-04-10T07:33:29.296656441Z,2026-04-10T05:42:00Z,3141952405.8520503,energy,069ceef5-c089-40d5-b56c-6cca9fcfe296,069ceef5-c089-40d5-b56c-6cca9fcfe296,0de12792-1831-4fcd-9a43-d5206e56a013,energy_meter,44f2535a-4548-4677-9fca-62b85d4a1a52,1b3e3023-3e10-4604-b76d-27b885dd33b8,5855b8fe-6af9-4765-aeee-6d8441ec2a70
,,0,2026-04-10T04:33:29.296656441Z,2026-04-10T07:33:29.296656441Z,2026-04-10T05:43:00Z,3141952406.4430413,energy,069ceef5-c089-40d5-b56c-6cca9fcfe296,069ceef5-c089-40d5-b56c-6cca9fcfe296,0de12792-1831-4fcd-9a43-d5206e56a013,energy_meter,44f2535a-4548-4677-9fca-62b85d4a1a52,1b3e3023-3e10-4604-b76d-27b885dd33b8,5855b8fe-6af9-4765-aeee-6d8441ec2a70
,,0,2026-04-10T04:33:29.296656441Z,2026-04-10T07:33:29.296656441Z,2026-04-10T05:44:00Z,3141952406.8033605,energy,069ceef5-c089-40d5-b56c-6cca9fcfe296,069ceef5-c089-40d5-b56c-6cca9fcfe296,0de12792-1831-4fcd-9a43-d5206e56a013,energy_meter,44f2535a-4548-4677-9fca-62b85d4a1a52,1b3e3023-3e10-4604-b76d-27b885dd33b8,5855b8fe-6af9-4765-aeee-6d8441ec2a70
,,0,2026-04-10T04:33:29.296656441Z,2026-04-10T07:33:29.296656441Z,2026-04-10T05:45:00Z,3141952407.021279,energy,069ceef5-c089-40d5-b56c-6cca9fcfe296,069ceef5-c089-40d5-b56c-6cca9fcfe296,0de12792-1831-4fcd-9a43-d5206e56a013,energy_meter,44f2535a-4548-4677-9fca-62b85d4a1a52,1b3e3023-3e10-4604-b76d-27b885dd33b8,5855b8fe-6af9-4765-aeee-6d8441ec2a70
,,0,2026-04-10T04:33:29.296656441Z,2026-04-10T07:33:29.296656441Z,2026-04-10T05:46:00Z,3141952407.290037,energy,069ceef5-c089-40d5-b56c-6cca9fcfe296,069ceef5-c089-40d5-b56c-6cca9fcfe296,0de12792-1831-4fcd-9a43-d5206e56a013,energy_meter,44f2535a-4548-4677-9fca-62b85d4a1a52,1b3e3023-3e10-4604-b76d-27b885dd33b8,5855b8fe-6af9-4765-aeee-6d8441ec2a70
,,0,2026-04-10T04:33:29.296656441Z,2026-04-10T07:33:29.296656441Z,2026-04-10T05:47:00Z,3141952407.851543,energy,069ceef5-c089-40d5-b56c-6cca9fcfe296,069ceef5-c089-40d5-b56c-6cca9fcfe296,0de12792-1831-4fcd-9a43-d5206e56a013,energy_meter,44f2535a-4548-4677-9fca-62b85d4a1a52,1b3e3023-3e10-4604-b76d-27b885dd33b8,5855b8fe-6af9-4765-aeee-6d8441ec2a70
,,0,2026-04-10T04:33:29.296656441Z,2026-04-10T07:33:29.296656441Z,2026-04-10T05:48:00Z,3141952408.6254334,energy,069ceef5-c089-40d5-b56c-6cca9fcfe296,069ceef5-c089-40d5-b56c-6cca9fcfe296,0de12792-1831-4fcd-9a43-d5206e56a013,energy_meter,44f2535a-4548-4677-9fca-62b85d4a1a52,1b3e3023-3e10-4604-b76d-27b885dd33b8,5855b8fe-6af9-4765-aeee-6d8441ec2a70
,,0,2026-04-10T04:33:29.296656441Z,2026-04-10T07:33:29.296656441Z,2026-04-10T05:49:00Z,3141952409.402012,energy,069ceef5-c089-40d5-b56c-6cca9fcfe296,069ceef5-c089-40d5-b56c-6cca9fcfe296,0de12792-1831-4fcd-9a43-d5206e56a013,energy_meter,44f2535a-4548-4677-9fca-62b85d4a1a52,1b3e3023-3e10-4604-b76d-27b885dd33b8,5855b8fe-6af9-4765-aeee-6d8441ec2a70
,,0,2026-04-10T04:33:29.296656441Z,2026-04-10T07:33:29.296656441Z,2026-04-10T05:50:00Z,3141952409.9686866,energy,069ceef5-c089-40d5-b56c-6cca9fcfe296,069ceef5-c089-40d5-b56c-6cca9fcfe296,0de12792-1831-4fcd-9a43-d5206e56a013,energy_meter,44f2535a-4548-4677-9fca-62b85d4a1a52,1b3e3023-3e10-4604-b76d-27b885dd33b8,5855b8fe-6af9-4765-aeee-6d8441ec2a70
,,0,2026-04-10T04:33:29.296656441Z,2026-04-10T07:33:29.296656441Z,2026-04-10T05:51:00Z,3141952410.288693,energy,069ceef5-c089-40d5-b56c-6cca9fcfe296,069ceef5-c089-40d5-b56c-6cca9fcfe296,0de12792-1831-4fcd-9a43-d5206e56a013,energy_meter,44f2535a-4548-4677-9fca-62b85d4a1a52,1b3e3023-3e10-4604-b76d-27b885dd33b8,5855b8fe-6af9-4765-aeee-6d8441ec2a70
,,0,2026-04-10T04:33:29.296656441Z,2026-04-10T07:33:29.296656441Z,2026-04-10T05:52:00Z,3141952410.534634,energy,069ceef5-c089-40d5-b56c-6cca9fcfe296,069ceef5-c089-40d5-b56c-6cca9fcfe296,0de12792-1831-4fcd-9a43-d5206e56a013,energy_meter,44f2535a-4548-4677-9fca-62b85d4a1a52,1b3e3023-3e10-4604-b76d-27b885dd33b8,5855b8fe-6af9-4765-aeee-6d8441ec2a70
,,0,2026-04-10T04:33:29.296656441Z,2026-04-10T07:33:29.296656441Z,2026-04-10T05:53:00Z,3141952410.961172,energy,069ceef5-c089-40d5-b56c-6cca9fcfe296,069ceef5-c089-40d5-b56c-6cca9fcfe296,0de12792-1831-4fcd-9a43-d5206e56a013,energy_meter,44f2535a-4548-4677-9fca-62b85d4a1a52,1b3e3023-3e10-4604-b76d-27b885dd33b8,5855b8fe-6af9-4765-aeee-6d8441ec2a70
,,0,2026-04-10T04:33:29.296656441Z,2026-04-10T07:33:29.296656441Z,2026-04-10T05:54:00Z,3141952411.6309333,energy,069ceef5-c089-40d5-b56c-6cca9fcfe296,069ceef5-c089-40d5-b56c-6cca9fcfe296,0de12792-1831-4fcd-9a43-d5206e56a013,energy_meter,44f2535a-4548-4677-9fca-62b85d4a1a52,1b3e3023-3e10-4604-b76d-27b885dd33b8,5855b8fe-6af9-4765-aeee-6d8441ec2a70
,,0,2026-04-10T04:33:29.296656441Z,2026-04-10T07:33:29.296656441Z,2026-04-10T05:55:00Z,3141952412.4167504,energy,069ceef5-c089-40d5-b56c-6cca9fcfe296,069ceef5-c089-40d5-b56c-6cca9fcfe296,0de12792-1831-4fcd-9a43-d5206e56a013,energy_meter,44f2535a-4548-4677-9fca-62b85d4a1a52,1b3e3023-3e10-4604-b76d-27b885dd33b8,5855b8fe-6af9-4765-aeee-6d8441ec2a70
,,0,2026-04-10T04:33:29.296656441Z,2026-04-10T07:33:29.296656441Z,2026-04-10T05:56:00Z,3141952413.141229,energy,069ceef5-c089-40d5-b56c-6cca9fcfe296,069ceef5-c089-40d5-b56c-6cca9fcfe296,0de12792-1831-4fcd-9a43-d5206e56a013,energy_meter,44f2535a-4548-4677-9fca-62b85d4a1a52,1b3e3023-3e10-4604-b76d-27b885dd33b8,5855b8fe-6af9-4765-aeee-6d8441ec2a70
,,0,2026-04-10T04:33:29.296656441Z,2026-04-10T07:33:29.296656441Z,2026-04-10T05:57:00Z,3141952413.7449603,energy,069ceef5-c089-40d5-b56c-6cca9fcfe296,069ceef5-c089-40d5-b56c-6cca9fcfe296,0de12792-1831-4fcd-9a43-d5206e56a013,energy_meter,44f2535a-4548-4677-9fca-62b85d4a1a52,1b3e3023-3e10-4604-b76d-27b885dd33b8,5855b8fe-6af9-4765-aeee-6d8441ec2a70
,,0,2026-04-10T04:33:29.296656441Z,2026-04-10T07:33:29.296656441Z,2026-04-10T05:58:00Z,3141952414.0843773,energy,069ceef5-c089-40d5-b56c-6cca9fcfe296,069ceef5-c089-40d5-b56c-6cca9fcfe296,0de12792-1831-4fcd-9a43-d5206e56a013,energy_meter,44f2535a-4548-4677-9fca-62b85d4a1a52,1b3e3023-3e10-4604-b76d-27b885dd33b8,5855b8fe-6af9-4765-aeee-6d8441ec2a70
,,0,2026-04-10T04:33:29.296656441Z,2026-04-10T07:33:29.296656441Z,2026-04-10T05:59:00Z,3141952414.2967124,energy,069ceef5-c089-40d5-b56c-6cca9fcfe296,069ceef5-c089-40d5-b56c-6cca9fcfe296,0de12792-1831-4fcd-9a43-d5206e56a013,energy_meter,44f2535a-4548-4677-9fca-62b85d4a1a52,1b3e3023-3e10-4604-b76d-27b885dd33b8,5855b8fe-6af9-4765-aeee-6d8441ec2a70
,,0,2026-04-10T04:33:29.296656441Z,2026-04-10T07:33:29.296656441Z,2026-04-10T06:00:00Z,3141952414.57107,energy,069ceef5-c089-40d5-b56c-6cca9fcfe296,069ceef5-c089-40d5-b56c-6cca9fcfe296,0de12792-1831-4fcd-9a43-d5206e56a013,energy_meter,44f2535a-4548-4677-9fca-62b85d4a1a52,1b3e3023-3e10-4604-b76d-27b885dd33b8,5855b8fe-6af9-4765-aeee-6d8441ec2a70
,,0,2026-04-10T04:33:29.296656441Z,2026-04-10T07:33:29.296656441Z,2026-04-10T06:01:00Z,3141952415.0367703,energy,069ceef5-c089-40d5-b56c-6cca9fcfe296,069ceef5-c089-40d5-b56c-6cca9fcfe296,0de12792-1831-4fcd-9a43-d5206e56a013,energy_meter,44f2535a-4548-4677-9fca-62b85d4a1a52,1b3e3023-3e10-4604-b76d-27b885dd33b8,5855b8fe-6af9-4765-aeee-6d8441ec2a70
,,0,2026-04-10T04:33:29.296656441Z,2026-04-10T07:33:29.296656441Z,2026-04-10T06:02:00Z,3141952415.7929096,energy,069ceef5-c089-40d5-b56c-6cca9fcfe296,069ceef5-c089-40d5-b56c-6cca9fcfe296,0de12792-1831-4fcd-9a43-d5206e56a013,energy_meter,44f2535a-4548-4677-9fca-62b85d4a1a52,1b3e3023-3e10-4604-b76d-27b885dd33b8,5855b8fe-6af9-4765-aeee-6d8441ec2a70
,,0,2026-04-10T04:33:29.296656441Z,2026-04-10T07:33:29.296656441Z,2026-04-10T06:03:00Z,3141952416.5655766,energy,069ceef5-c089-40d5-b56c-6cca9fcfe296,069ceef5-c089-40d5-b56c-6cca9fcfe296,0de12792-1831-4fcd-9a43-d5206e56a013,energy_meter,44f2535a-4548-4677-9fca-62b85d4a1a52,1b3e3023-3e10-4604-b76d-27b885dd33b8,5855b8fe-6af9-4765-aeee-6d8441ec2a70
,,0,2026-04-10T04:33:29.296656441Z,2026-04-10T07:33:29.296656441Z,2026-04-10T06:04:00Z,3141952417.1877785,energy,069ceef5-c089-40d5-b56c-6cca9fcfe296,069ceef5-c089-40d5-b56c-6cca9fcfe296,0de12792-1831-4fcd-9a43-d5206e56a013,energy_meter,44f2535a-4548-4677-9fca-62b85d4a1a52,1b3e3023-3e10-4604-b76d-27b885dd33b8,5855b8fe-6af9-4765-aeee-6d8441ec2a70
,,0,2026-04-10T04:33:29.296656441Z,2026-04-10T07:33:29.296656441Z,2026-04-10T06:05:00Z,3141952417.5079308,energy,069ceef5-c089-40d5-b56c-6cca9fcfe296,069ceef5-c089-40d5-b56c-6cca9fcfe296,0de12792-1831-4fcd-9a43-d5206e56a013,energy_meter,44f2535a-4548-4677-9fca-62b85d4a1a52,1b3e3023-3e10-4604-b76d-27b885dd33b8,5855b8fe-6af9-4765-aeee-6d8441ec2a70
,,0,2026-04-10T04:33:29.296656441Z,2026-04-10T07:33:29.296656441Z,2026-04-10T06:06:00Z,3141952417.6818776,energy,069ceef5-c089-40d5-b56c-6cca9fcfe296,069ceef5-c089-40d5-b56c-6cca9fcfe296,0de12792-1831-4fcd-9a43-d5206e56a013,energy_meter,44f2535a-4548-4677-9fca-62b85d4a1a52,1b3e3023-3e10-4604-b76d-27b885dd33b8,5855b8fe-6af9-4765-aeee-6d8441ec2a70
,,0,2026-04-10T04:33:29.296656441Z,2026-04-10T07:33:29.296656441Z,2026-04-10T06:07:00Z,3141952417.9536905,energy,069ceef5-c089-40d5-b56c-6cca9fcfe296,069ceef5-c089-40d5-b56c-6cca9fcfe296,0de12792-1831-4fcd-9a43-d5206e56a013,energy_meter,44f2535a-4548-4677-9fca-62b85d4a1a52,1b3e3023-3e10-4604-b76d-27b885dd33b8,5855b8fe-6af9-4765-aeee-6d8441ec2a70
,,0,2026-04-10T04:33:29.296656441Z,2026-04-10T07:33:29.296656441Z,2026-04-10T06:08:00Z,3141952418.493399,energy,069ceef5-c089-40d5-b56c-6cca9fcfe296,069ceef5-c089-40d5-b56c-6cca9fcfe296,0de12792-1831-4fcd-9a43-d5206e56a013,energy_meter,44f2535a-4548-4677-9fca-62b85d4a1a52,1b3e3023-3e10-4604-b76d-27b885dd33b8,5855b8fe-6af9-4765-aeee-6d8441ec2a70
,,0,2026-04-10T04:33:29.296656441Z,2026-04-10T07:33:29.296656441Z,2026-04-10T06:09:00Z,3141952419.2619495,energy,069ceef5-c089-40d5-b56c-6cca9fcfe296,069ceef5-c089-40d5-b56c-6cca9fcfe296,0de12792-1831-4fcd-9a43-d5206e56a013,energy_meter,44f2535a-4548-4677-9fca-62b85d4a1a52,1b3e3023-3e10-4604-b76d-27b885dd33b8,5855b8fe-6af9-4765-aeee-6d8441ec2a70
,,0,2026-04-10T04:33:29.296656441Z,2026-04-10T07:33:29.296656441Z,2026-04-10T06:10:00Z,3141952419.994514,energy,069ceef5-c089-40d5-b56c-6cca9fcfe296,069ceef5-c089-40d5-b56c-6cca9fcfe296,0de12792-1831-4fcd-9a43-d5206e56a013,energy_meter,44f2535a-4548-4677-9fca-62b85d4a1a52,1b3e3023-3e10-4604-b76d-27b885dd33b8,5855b8fe-6af9-4765-aeee-6d8441ec2a70
,,0,2026-04-10T04:33:29.296656441Z,2026-04-10T07:33:29.296656441Z,2026-04-10T06:11:00Z,3141952420.507452,energy,069ceef5-c089-40d5-b56c-6cca9fcfe296,069ceef5-c089-40d5-b56c-6cca9fcfe296,0de12792-1831-4fcd-9a43-d5206e56a013,energy_meter,44f2535a-4548-4677-9fca-62b85d4a1a52,1b3e3023-3e10-4604-b76d-27b885dd33b8,5855b8fe-6af9-4765-aeee-6d8441ec2a70
,,0,2026-04-10T04:33:29.296656441Z,2026-04-10T07:33:29.296656441Z,2026-04-10T06:12:00Z,3141952420.7647443,energy,069ceef5-c089-40d5-b56c-6cca9fcfe296,069ceef5-c089-40d5-b56c-6cca9fcfe296,0de12792-1831-4fcd-9a43-d5206e56a013,energy_meter,44f2535a-4548-4677-9fca-62b85d4a1a52,1b3e3023-3e10-4604-b76d-27b885dd33b8,5855b8fe-6af9-4765-aeee-6d8441ec2a70
,,0,2026-04-10T04:33:29.296656441Z,2026-04-10T07:33:29.296656441Z,2026-04-10T06:13:00Z,3141952420.9439864,energy,069ceef5-c089-40d5-b56c-6cca9fcfe296,069ceef5-c089-40d5-b56c-6cca9fcfe296,0de12792-1831-4fcd-9a43-d5206e56a013,energy_meter,44f2535a-4548-4677-9fca-62b85d4a1a52,1b3e3023-3e10-4604-b76d-27b885dd33b8,5855b8fe-6af9-4765-aeee-6d8441ec2a70
,,0,2026-04-10T04:33:29.296656441Z,2026-04-10T07:33:29.296656441Z,2026-04-10T06:14:00Z,3141952421.29513,energy,069ceef5-c089-40d5-b56c-6cca9fcfe296,069ceef5-c089-40d5-b56c-6cca9fcfe296,0de12792-1831-4fcd-9a43-d5206e56a013,energy_meter,44f2535a-4548-4677-9fca-62b85d4a1a52,1b3e3023-3e10-4604-b76d-27b885dd33b8,5855b8fe-6af9-4765-aeee-6d8441ec2a70
,,0,2026-04-10T04:33:29.296656441Z,2026-04-10T07:33:29.296656441Z,2026-04-10T06:15:00Z,3141952421.9431796,energy,069ceef5-c089-40d5-b56c-6cca9fcfe296,069ceef5-c089-40d5-b56c-6cca9fcfe296,0de12792-1831-4fcd-9a43-d5206e56a013,energy_meter,44f2535a-4548-4677-9fca-62b85d4a1a52,1b3e3023-3e10-4604-b76d-27b885dd33b8,5855b8fe-6af9-4765-aeee-6d8441ec2a70
,,0,2026-04-10T04:33:29.296656441Z,2026-04-10T07:33:29.296656441Z,2026-04-10T06:16:00Z,3141952422.7352853,energy,069ceef5-c089-40d5-b56c-6cca9fcfe296,069ceef5-c089-40d5-b56c-6cca9fcfe296,0de12792-1831-4fcd-9a43-d5206e56a013,energy_meter,44f2535a-4548-4677-9fca-62b85d4a1a52,1b3e3023-3e10-4604-b76d-27b885dd33b8,5855b8fe-6af9-4765-aeee-6d8441ec2a70
,,0,2026-04-10T04:33:29.296656441Z,2026-04-10T07:33:29.296656441Z,2026-04-10T06:17:00Z,3141952423.478006,energy,069ceef5-c089-40d5-b56c-6cca9fcfe296,069ceef5-c089-40d5-b56c-6cca9fcfe296,0de12792-1831-4fcd-9a43-d5206e56a013,energy_meter,44f2535a-4548-4677-9fca-62b85d4a1a52,1b3e3023-3e10-4604-b76d-27b885dd33b8,5855b8fe-6af9-4765-aeee-6d8441ec2a70
,,0,2026-04-10T04:33:29.296656441Z,2026-04-10T07:33:29.296656441Z,2026-04-10T06:18:00Z,3141952423.9739747,energy,069ceef5-c089-40d5-b56c-6cca9fcfe296,069ceef5-c089-40d5-b56c-6cca9fcfe296,0de12792-1831-4fcd-9a43-d5206e56a013,energy_meter,44f2535a-4548-4677-9fca-62b85d4a1a52,1b3e3023-3e10-4604-b76d-27b885dd33b8,5855b8fe-6af9-4765-aeee-6d8441ec2a70
,,0,2026-04-10T04:33:29.296656441Z,2026-04-10T07:33:29.296656441Z,2026-04-10T06:19:00Z,3141952424.23402,energy,069ceef5-c089-40d5-b56c-6cca9fcfe296,069ceef5-c089-40d5-b56c-6cca9fcfe296,0de12792-1831-4fcd-9a43-d5206e56a013,energy_meter,44f2535a-4548-4677-9fca-62b85d4a1a52,1b3e3023-3e10-4604-b76d-27b885dd33b8,5855b8fe-6af9-4765-aeee-6d8441ec2a70
,,0,2026-04-10T04:33:29.296656441Z,2026-04-10T07:33:29.296656441Z,2026-04-10T06:20:00Z,3141952424.403675,energy,069ceef5-c089-40d5-b56c-6cca9fcfe296,069ceef5-c089-40d5-b56c-6cca9fcfe296,0de12792-1831-4fcd-9a43-d5206e56a013,energy_meter,44f2535a-4548-4677-9fca-62b85d4a1a52,1b3e3023-3e10-4604-b76d-27b885dd33b8,5855b8fe-6af9-4765-aeee-6d8441ec2a70
,,0,2026-04-10T04:33:29.296656441Z,2026-04-10T07:33:29.296656441Z,2026-04-10T06:21:00Z,3141952424.7815604,energy,069ceef5-c089-40d5-b56c-6cca9fcfe296,069ceef5-c089-40d5-b56c-6cca9fcfe296,0de12792-1831-4fcd-9a43-d5206e56a013,energy_meter,44f2535a-4548-4677-9fca-62b85d4a1a52,1b3e3023-3e10-4604-b76d-27b885dd33b8,5855b8fe-6af9-4765-aeee-6d8441ec2a70
,,0,2026-04-10T04:33:29.296656441Z,2026-04-10T07:33:29.296656441Z,2026-04-10T06:22:00Z,3141952425.4460855,energy,069ceef5-c089-40d5-b56c-6cca9fcfe296,069ceef5-c089-40d5-b56c-6cca9fcfe296,0de12792-1831-4fcd-9a43-d5206e56a013,energy_meter,44f2535a-4548-4677-9fca-62b85d4a1a52,1b3e3023-3e10-4604-b76d-27b885dd33b8,5855b8fe-6af9-4765-aeee-6d8441ec2a70
,,0,2026-04-10T04:33:29.296656441Z,2026-04-10T07:33:29.296656441Z,2026-04-10T06:23:00Z,3141952426.221579,energy,069ceef5-c089-40d5-b56c-6cca9fcfe296,069ceef5-c089-40d5-b56c-6cca9fcfe296,0de12792-1831-4fcd-9a43-d5206e56a013,energy_meter,44f2535a-4548-4677-9fca-62b85d4a1a52,1b3e3023-3e10-4604-b76d-27b885dd33b8,5855b8fe-6af9-4765-aeee-6d8441ec2a70
,,0,2026-04-10T04:33:29.296656441Z,2026-04-10T07:33:29.296656441Z,2026-04-10T06:24:00Z,3141952426.893068,energy,069ceef5-c089-40d5-b56c-6cca9fcfe296,069ceef5-c089-40d5-b56c-6cca9fcfe296,0de12792-1831-4fcd-9a43-d5206e56a013,energy_meter,44f2535a-4548-4677-9fca-62b85d4a1a52,1b3e3023-3e10-4604-b76d-27b885dd33b8,5855b8fe-6af9-4765-aeee-6d8441ec2a70
,,0,2026-04-10T04:33:29.296656441Z,2026-04-10T07:33:29.296656441Z,2026-04-10T06:25:00Z,3141952427.3427296,energy,069ceef5-c089-40d5-b56c-6cca9fcfe296,069ceef5-c089-40d5-b56c-6cca9fcfe296,0de12792-1831-4fcd-9a43-d5206e56a013,energy_meter,44f2535a-4548-4677-9fca-62b85d4a1a52,1b3e3023-3e10-4604-b76d-27b885dd33b8,5855b8fe-6af9-4765-aeee-6d8441ec2a70
,,0,2026-04-10T04:33:29.296656441Z,2026-04-10T07:33:29.296656441Z,2026-04-10T06:26:00Z,3141952427.616623,energy,069ceef5-c089-40d5-b56c-6cca9fcfe296,069ceef5-c089-40d5-b56c-6cca9fcfe296,0de12792-1831-4fcd-9a43-d5206e56a013,energy_meter,44f2535a-4548-4677-9fca-62b85d4a1a52,1b3e3023-3e10-4604-b76d-27b885dd33b8,5855b8fe-6af9-4765-aeee-6d8441ec2a70
,,0,2026-04-10T04:33:29.296656441Z,2026-04-10T07:33:29.296656441Z,2026-04-10T06:27:00Z,3141952427.786036,energy,069ceef5-c089-40d5-b56c-6cca9fcfe296,069ceef5-c089-40d5-b56c-6cca9fcfe296,0de12792-1831-4fcd-9a43-d5206e56a013,energy_meter,44f2535a-4548-4677-9fca-62b85d4a1a52,1b3e3023-3e10-4604-b76d-27b885dd33b8,5855b8fe-6af9-4765-aeee-6d8441ec2a70
,,0,2026-04-10T04:33:29.296656441Z,2026-04-10T07:33:29.296656441Z,2026-04-10T06:28:00Z,3141952428.0986648,energy,069ceef5-c089-40d5-b56c-6cca9fcfe296,069ceef5-c089-40d5-b56c-6cca9fcfe296,0de12792-1831-4fcd-9a43-d5206e56a013,energy_meter,44f2535a-4548-4677-9fca-62b85d4a1a52,1b3e3023-3e10-4604-b76d-27b885dd33b8,5855b8fe-6af9-4765-aeee-6d8441ec2a70
,,0,2026-04-10T04:33:29.296656441Z,2026-04-10T07:33:29.296656441Z,2026-04-10T06:29:00Z,3141952428.7089996,energy,069ceef5-c089-40d5-b56c-6cca9fcfe296,069ceef5-c089-40d5-b56c-6cca9fcfe296,0de12792-1831-4fcd-9a43-d5206e56a013,energy_meter,44f2535a-4548-4677-9fca-62b85d4a1a52,1b3e3023-3e10-4604-b76d-27b885dd33b8,5855b8fe-6af9-4765-aeee-6d8441ec2a70
,,0,2026-04-10T04:33:29.296656441Z,2026-04-10T07:33:29.296656441Z,2026-04-10T06:30:00Z,3141952429.5285187,energy,069ceef5-c089-40d5-b56c-6cca9fcfe296,069ceef5-c089-40d5-b56c-6cca9fcfe296,0de12792-1831-4fcd-9a43-d5206e56a013,energy_meter,44f2535a-4548-4677-9fca-62b85d4a1a52,1b3e3023-3e10-4604-b76d-27b885dd33b8,5855b8fe-6af9-4765-aeee-6d8441ec2a70
,,0,2026-04-10T04:33:29.296656441Z,2026-04-10T07:33:29.296656441Z,2026-04-10T06:31:00Z,3141952430.3004346,energy,069ceef5-c089-40d5-b56c-6cca9fcfe296,069ceef5-c089-40d5-b56c-6cca9fcfe296,0de12792-1831-4fcd-9a43-d5206e56a013,energy_meter,44f2535a-4548-4677-9fca-62b85d4a1a52,1b3e3023-3e10-4604-b76d-27b885dd33b8,5855b8fe-6af9-4765-aeee-6d8441ec2a70
,,0,2026-04-10T04:33:29.296656441Z,2026-04-10T07:33:29.296656441Z,2026-04-10T06:32:00Z,3141952430.814195,energy,069ceef5-c089-40d5-b56c-6cca9fcfe296,069ceef5-c089-40d5-b56c-6cca9fcfe296,0de12792-1831-4fcd-9a43-d5206e56a013,energy_meter,44f2535a-4548-4677-9fca-62b85d4a1a52,1b3e3023-3e10-4604-b76d-27b885dd33b8,5855b8fe-6af9-4765-aeee-6d8441ec2a70
,,0,2026-04-10T04:33:29.296656441Z,2026-04-10T07:33:29.296656441Z,2026-04-10T06:33:00Z,3141952431.082567,energy,069ceef5-c089-40d5-b56c-6cca9fcfe296,069ceef5-c089-40d5-b56c-6cca9fcfe296,0de12792-1831-4fcd-9a43-d5206e56a013,energy_meter,44f2535a-4548-4677-9fca-62b85d4a1a52,1b3e3023-3e10-4604-b76d-27b885dd33b8,5855b8fe-6af9-4765-aeee-6d8441ec2a70
,,0,2026-04-10T04:33:29.296656441Z,2026-04-10T07:33:29.296656441Z,2026-04-10T06:34:00Z,3141952431.2540736,energy,069ceef5-c089-40d5-b56c-6cca9fcfe296,069ceef5-c089-40d5-b56c-6cca9fcfe296,0de12792-1831-4fcd-9a43-d5206e56a013,energy_meter,44f2535a-4548-4677-9fca-62b85d4a1a52,1b3e3023-3e10-4604-b76d-27b885dd33b8,5855b8fe-6af9-4765-aeee-6d8441ec2a70
,,0,2026-04-10T04:33:29.296656441Z,2026-04-10T07:33:29.296656441Z,2026-04-10T06:35:00Z,3141952431.565123,energy,069ceef5-c089-40d5-b56c-6cca9fcfe296,069ceef5-c089-40d5-b56c-6cca9fcfe296,0de12792-1831-4fcd-9a43-d5206e56a013,energy_meter,44f2535a-4548-4677-9fca-62b85d4a1a52,1b3e3023-3e10-4604-b76d-27b885dd33b8,5855b8fe-6af9-4765-aeee-6d8441ec2a70
,,0,2026-04-10T04:33:29.296656441Z,2026-04-10T07:33:29.296656441Z,2026-04-10T06:36:00Z,3141952432.152439,energy,069ceef5-c089-40d5-b56c-6cca9fcfe296,069ceef5-c089-40d5-b56c-6cca9fcfe296,0de12792-1831-4fcd-9a43-d5206e56a013,energy_meter,44f2535a-4548-4677-9fca-62b85d4a1a52,1b3e3023-3e10-4604-b76d-27b885dd33b8,5855b8fe-6af9-4765-aeee-6d8441ec2a70
,,0,2026-04-10T04:33:29.296656441Z,2026-04-10T07:33:29.296656441Z,2026-04-10T06:37:00Z,3141952432.8953934,energy,069ceef5-c089-40d5-b56c-6cca9fcfe296,069ceef5-c089-40d5-b56c-6cca9fcfe296,0de12792-1831-4fcd-9a43-d5206e56a013,energy_meter,44f2535a-4548-4677-9fca-62b85d4a1a52,1b3e3023-3e10-4604-b76d-27b885dd33b8,5855b8fe-6af9-4765-aeee-6d8441ec2a70
,,0,2026-04-10T04:33:29.296656441Z,2026-04-10T07:33:29.296656441Z,2026-04-10T06:38:00Z,3141952433.6124682,energy,069ceef5-c089-40d5-b56c-6cca9fcfe296,069ceef5-c089-40d5-b56c-6cca9fcfe296,0de12792-1831-4fcd-9a43-d5206e56a013,energy_meter,44f2535a-4548-4677-9fca-62b85d4a1a52,1b3e3023-3e10-4604-b76d-27b885dd33b8,5855b8fe-6af9-4765-aeee-6d8441ec2a70
,,0,2026-04-10T04:33:29.296656441Z,2026-04-10T07:33:29.296656441Z,2026-04-10T06:39:00Z,3141952434.177452,energy,069ceef5-c089-40d5-b56c-6cca9fcfe296,069ceef5-c089-40d5-b56c-6cca9fcfe296,0de12792-1831-4fcd-9a43-d5206e56a013,energy_meter,44f2535a-4548-4677-9fca-62b85d4a1a52,1b3e3023-3e10-4604-b76d-27b885dd33b8,5855b8fe-6af9-4765-aeee-6d8441ec2a70
,,0,2026-04-10T04:33:29.296656441Z,2026-04-10T07:33:29.296656441Z,2026-04-10T06:40:00Z,3141952434.505509,energy,069ceef5-c089-40d5-b56c-6cca9fcfe296,069ceef5-c089-40d5-b56c-6cca9fcfe296,0de12792-1831-4fcd-9a43-d5206e56a013,energy_meter,44f2535a-4548-4677-9fca-62b85d4a1a52,1b3e3023-3e10-4604-b76d-27b885dd33b8,5855b8fe-6af9-4765-aeee-6d8441ec2a70
,,0,2026-04-10T04:33:29.296656441Z,2026-04-10T07:33:29.296656441Z,2026-04-10T06:41:00Z,3141952434.6917305,energy,069ceef5-c089-40d5-b56c-6cca9fcfe296,069ceef5-c089-40d5-b56c-6cca9fcfe296,0de12792-1831-4fcd-9a43-d5206e56a013,energy_meter,44f2535a-4548-4677-9fca-62b85d4a1a52,1b3e3023-3e10-4604-b76d-27b885dd33b8,5855b8fe-6af9-4765-aeee-6d8441ec2a70
,,0,2026-04-10T04:33:29.296656441Z,2026-04-10T07:33:29.296656441Z,2026-04-10T06:42:00Z,3141952434.9969954,energy,069ceef5-c089-40d5-b56c-6cca9fcfe296,069ceef5-c089-40d5-b56c-6cca9fcfe296,0de12792-1831-4fcd-9a43-d5206e56a013,energy_meter,44f2535a-4548-4677-9fca-62b85d4a1a52,1b3e3023-3e10-4604-b76d-27b885dd33b8,5855b8fe-6af9-4765-aeee-6d8441ec2a70
,,0,2026-04-10T04:33:29.296656441Z,2026-04-10T07:33:29.296656441Z,2026-04-10T06:43:00Z,3141952435.6046042,energy,069ceef5-c089-40d5-b56c-6cca9fcfe296,069ceef5-c089-40d5-b56c-6cca9fcfe296,0de12792-1831-4fcd-9a43-d5206e56a013,energy_meter,44f2535a-4548-4677-9fca-62b85d4a1a52,1b3e3023-3e10-4604-b76d-27b885dd33b8,5855b8fe-6af9-4765-aeee-6d8441ec2a70
,,0,2026-04-10T04:33:29.296656441Z,2026-04-10T07:33:29.296656441Z,2026-04-10T06:44:00Z,3141952436.38259,energy,069ceef5-c089-40d5-b56c-6cca9fcfe296,069ceef5-c089-40d5-b56c-6cca9fcfe296,0de12792-1831-4fcd-9a43-d5206e56a013,energy_meter,44f2535a-4548-4677-9fca-62b85d4a1a52,1b3e3023-3e10-4604-b76d-27b885dd33b8,5855b8fe-6af9-4765-aeee-6d8441ec2a70
,,0,2026-04-10T04:33:29.296656441Z,2026-04-10T07:33:29.296656441Z,2026-04-10T06:45:00Z,3141952437.053192,energy,069ceef5-c089-40d5-b56c-6cca9fcfe296,069ceef5-c089-40d5-b56c-6cca9fcfe296,0de12792-1831-4fcd-9a43-d5206e56a013,energy_meter,44f2535a-4548-4677-9fca-62b85d4a1a52,1b3e3023-3e10-4604-b76d-27b885dd33b8,5855b8fe-6af9-4765-aeee-6d8441ec2a70
,,0,2026-04-10T04:33:29.296656441Z,2026-04-10T07:33:29.296656441Z,2026-04-10T06:46:00Z,3141952437.546974,energy,069ceef5-c089-40d5-b56c-6cca9fcfe296,069ceef5-c089-40d5-b56c-6cca9fcfe296,0de12792-1831-4fcd-9a43-d5206e56a013,energy_meter,44f2535a-4548-4677-9fca-62b85d4a1a52,1b3e3023-3e10-4604-b76d-27b885dd33b8,5855b8fe-6af9-4765-aeee-6d8441ec2a70
,,0,2026-04-10T04:33:29.296656441Z,2026-04-10T07:33:29.296656441Z,2026-04-10T06:47:00Z,3141952437.804783,energy,069ceef5-c089-40d5-b56c-6cca9fcfe296,069ceef5-c089-40d5-b56c-6cca9fcfe296,0de12792-1831-4fcd-9a43-d5206e56a013,energy_meter,44f2535a-4548-4677-9fca-62b85d4a1a52,1b3e3023-3e10-4604-b76d-27b885dd33b8,5855b8fe-6af9-4765-aeee-6d8441ec2a70
,,0,2026-04-10T04:33:29.296656441Z,2026-04-10T07:33:29.296656441Z,2026-04-10T06:48:00Z,3141952437.952009,energy,069ceef5-c089-40d5-b56c-6cca9fcfe296,069ceef5-c089-40d5-b56c-6cca9fcfe296,0de12792-1831-4fcd-9a43-d5206e56a013,energy_meter,44f2535a-4548-4677-9fca-62b85d4a1a52,1b3e3023-3e10-4604-b76d-27b885dd33b8,5855b8fe-6af9-4765-aeee-6d8441ec2a70
,,0,2026-04-10T04:33:29.296656441Z,2026-04-10T07:33:29.296656441Z,2026-04-10T06:49:00Z,3141952438.273792,energy,069ceef5-c089-40d5-b56c-6cca9fcfe296,069ceef5-c089-40d5-b56c-6cca9fcfe296,0de12792-1831-4fcd-9a43-d5206e56a013,energy_meter,44f2535a-4548-4677-9fca-62b85d4a1a52,1b3e3023-3e10-4604-b76d-27b885dd33b8,5855b8fe-6af9-4765-aeee-6d8441ec2a70
,,0,2026-04-10T04:33:29.296656441Z,2026-04-10T07:33:29.296656441Z,2026-04-10T06:50:00Z,3141952438.841067,energy,069ceef5-c089-40d5-b56c-6cca9fcfe296,069ceef5-c089-40d5-b56c-6cca9fcfe296,0de12792-1831-4fcd-9a43-d5206e56a013,energy_meter,44f2535a-4548-4677-9fca-62b85d4a1a52,1b3e3023-3e10-4604-b76d-27b885dd33b8,5855b8fe-6af9-4765-aeee-6d8441ec2a70
,,0,2026-04-10T04:33:29.296656441Z,2026-04-10T07:33:29.296656441Z,2026-04-10T06:51:00Z,3141952439.5403233,energy,069ceef5-c089-40d5-b56c-6cca9fcfe296,069ceef5-c089-40d5-b56c-6cca9fcfe296,0de12792-1831-4fcd-9a43-d5206e56a013,energy_meter,44f2535a-4548-4677-9fca-62b85d4a1a52,1b3e3023-3e10-4604-b76d-27b885dd33b8,5855b8fe-6af9-4765-aeee-6d8441ec2a70
,,0,2026-04-10T04:33:29.296656441Z,2026-04-10T07:33:29.296656441Z,2026-04-10T06:52:00Z,3141952440.2470493,energy,069ceef5-c089-40d5-b56c-6cca9fcfe296,069ceef5-c089-40d5-b56c-6cca9fcfe296,0de12792-1831-4fcd-9a43-d5206e56a013,energy_meter,44f2535a-4548-4677-9fca-62b85d4a1a52,1b3e3023-3e10-4604-b76d-27b885dd33b8,5855b8fe-6af9-4765-aeee-6d8441ec2a70
,,0,2026-04-10T04:33:29.296656441Z,2026-04-10T07:33:29.296656441Z,2026-04-10T06:53:00Z,3141952440.797926,energy,069ceef5-c089-40d5-b56c-6cca9fcfe296,069ceef5-c089-40d5-b56c-6cca9fcfe296,0de12792-1831-4fcd-9a43-d5206e56a013,energy_meter,44f2535a-4548-4677-9fca-62b85d4a1a52,1b3e3023-3e10-4604-b76d-27b885dd33b8,5855b8fe-6af9-4765-aeee-6d8441ec2a70
,,0,2026-04-10T04:33:29.296656441Z,2026-04-10T07:33:29.296656441Z,2026-04-10T06:54:00Z,3141952441.15486,energy,069ceef5-c089-40d5-b56c-6cca9fcfe296,069ceef5-c089-40d5-b56c-6cca9fcfe296,0de12792-1831-4fcd-9a43-d5206e56a013,energy_meter,44f2535a-4548-4677-9fca-62b85d4a1a52,1b3e3023-3e10-4604-b76d-27b885dd33b8,5855b8fe-6af9-4765-aeee-6d8441ec2a70
,,0,2026-04-10T04:33:29.296656441Z,2026-04-10T07:33:29.296656441Z,2026-04-10T06:55:00Z,3141952441.3453155,energy,069ceef5-c089-40d5-b56c-6cca9fcfe296,069ceef5-c089-40d5-b56c-6cca9fcfe296,0de12792-1831-4fcd-9a43-d5206e56a013,energy_meter,44f2535a-4548-4677-9fca-62b85d4a1a52,1b3e3023-3e10-4604-b76d-27b885dd33b8,5855b8fe-6af9-4765-aeee-6d8441ec2a70
,,0,2026-04-10T04:33:29.296656441Z,2026-04-10T07:33:29.296656441Z,2026-04-10T06:56:00Z,3141952441.655208,energy,069ceef5-c089-40d5-b56c-6cca9fcfe296,069ceef5-c089-40d5-b56c-6cca9fcfe296,0de12792-1831-4fcd-9a43-d5206e56a013,energy_meter,44f2535a-4548-4677-9fca-62b85d4a1a52,1b3e3023-3e10-4604-b76d-27b885dd33b8,5855b8fe-6af9-4765-aeee-6d8441ec2a70
,,0,2026-04-10T04:33:29.296656441Z,2026-04-10T07:33:29.296656441Z,2026-04-10T06:57:00Z,3141952442.218743,energy,069ceef5-c089-40d5-b56c-6cca9fcfe296,069ceef5-c089-40d5-b56c-6cca9fcfe296,0de12792-1831-4fcd-9a43-d5206e56a013,energy_meter,44f2535a-4548-4677-9fca-62b85d4a1a52,1b3e3023-3e10-4604-b76d-27b885dd33b8,5855b8fe-6af9-4765-aeee-6d8441ec2a70
,,0,2026-04-10T04:33:29.296656441Z,2026-04-10T07:33:29.296656441Z,2026-04-10T06:58:00Z,3141952442.9333816,energy,069ceef5-c089-40d5-b56c-6cca9fcfe296,069ceef5-c089-40d5-b56c-6cca9fcfe296,0de12792-1831-4fcd-9a43-d5206e56a013,energy_meter,44f2535a-4548-4677-9fca-62b85d4a1a52,1b3e3023-3e10-4604-b76d-27b885dd33b8,5855b8fe-6af9-4765-aeee-6d8441ec2a70
,,0,2026-04-10T04:33:29.296656441Z,2026-04-10T07:33:29.296656441Z,2026-04-10T06:59:00Z,3141952443.687657,energy,069ceef5-c089-40d5-b56c-6cca9fcfe296,069ceef5-c089-40d5-b56c-6cca9fcfe296,0de12792-1831-4fcd-9a43-d5206e56a013,energy_meter,44f2535a-4548-4677-9fca-62b85d4a1a52,1b3e3023-3e10-4604-b76d-27b885dd33b8,5855b8fe-6af9-4765-aeee-6d8441ec2a70
,,0,2026-04-10T04:33:29.296656441Z,2026-04-10T07:33:29.296656441Z,2026-04-10T07:00:00Z,3141952444.256981,energy,069ceef5-c089-40d5-b56c-6cca9fcfe296,069ceef5-c089-40d5-b56c-6cca9fcfe296,0de12792-1831-4fcd-9a43-d5206e56a013,energy_meter,44f2535a-4548-4677-9fca-62b85d4a1a52,1b3e3023-3e10-4604-b76d-27b885dd33b8,5855b8fe-6af9-4765-aeee-6d8441ec2a70
,,0,2026-04-10T04:33:29.296656441Z,2026-04-10T07:33:29.296656441Z,2026-04-10T07:01:00Z,3141952444.5992036,energy,069ceef5-c089-40d5-b56c-6cca9fcfe296,069ceef5-c089-40d5-b56c-6cca9fcfe296,0de12792-1831-4fcd-9a43-d5206e56a013,energy_meter,44f2535a-4548-4677-9fca-62b85d4a1a52,1b3e3023-3e10-4604-b76d-27b885dd33b8,5855b8fe-6af9-4765-aeee-6d8441ec2a70
,,0,2026-04-10T04:33:29.296656441Z,2026-04-10T07:33:29.296656441Z,2026-04-10T07:02:00Z,3141952444.812081,energy,069ceef5-c089-40d5-b56c-6cca9fcfe296,069ceef5-c089-40d5-b56c-6cca9fcfe296,0de12792-1831-4fcd-9a43-d5206e56a013,energy_meter,44f2535a-4548-4677-9fca-62b85d4a1a52,1b3e3023-3e10-4604-b76d-27b885dd33b8,5855b8fe-6af9-4765-aeee-6d8441ec2a70
,,0,2026-04-10T04:33:29.296656441Z,2026-04-10T07:33:29.296656441Z,2026-04-10T07:03:00Z,3141952445.0785775,energy,069ceef5-c089-40d5-b56c-6cca9fcfe296,069ceef5-c089-40d5-b56c-6cca9fcfe296,0de12792-1831-4fcd-9a43-d5206e56a013,energy_meter,44f2535a-4548-4677-9fca-62b85d4a1a52,1b3e3023-3e10-4604-b76d-27b885dd33b8,5855b8fe-6af9-4765-aeee-6d8441ec2a70
,,0,2026-04-10T04:33:29.296656441Z,2026-04-10T07:33:29.296656441Z,2026-04-10T07:04:00Z,3141952445.6224327,energy,069ceef5-c089-40d5-b56c-6cca9fcfe296,069ceef5-c089-40d5-b56c-6cca9fcfe296,0de12792-1831-4fcd-9a43-d5206e56a013,energy_meter,44f2535a-4548-4677-9fca-62b85d4a1a52,1b3e3023-3e10-4604-b76d-27b885dd33b8,5855b8fe-6af9-4765-aeee-6d8441ec2a70
,,0,2026-04-10T04:33:29.296656441Z,2026-04-10T07:33:29.296656441Z,2026-04-10T07:05:00Z,3141952446.373015,energy,069ceef5-c089-40d5-b56c-6cca9fcfe296,069ceef5-c089-40d5-b56c-6cca9fcfe296,0de12792-1831-4fcd-9a43-d5206e56a013,energy_meter,44f2535a-4548-4677-9fca-62b85d4a1a52,1b3e3023-3e10-4604-b76d-27b885dd33b8,5855b8fe-6af9-4765-aeee-6d8441ec2a70
,,0,2026-04-10T04:33:29.296656441Z,2026-04-10T07:33:29.296656441Z,2026-04-10T07:06:00Z,3141952447.060703,energy,069ceef5-c089-40d5-b56c-6cca9fcfe296,069ceef5-c089-40d5-b56c-6cca9fcfe296,0de12792-1831-4fcd-9a43-d5206e56a013,energy_meter,44f2535a-4548-4677-9fca-62b85d4a1a52,1b3e3023-3e10-4604-b76d-27b885dd33b8,5855b8fe-6af9-4765-aeee-6d8441ec2a70
,,0,2026-04-10T04:33:29.296656441Z,2026-04-10T07:33:29.296656441Z,2026-04-10T07:07:00Z,3141952447.5951405,energy,069ceef5-c089-40d5-b56c-6cca9fcfe296,069ceef5-c089-40d5-b56c-6cca9fcfe296,0de12792-1831-4fcd-9a43-d5206e56a013,energy_meter,44f2535a-4548-4677-9fca-62b85d4a1a52,1b3e3023-3e10-4604-b76d-27b885dd33b8,5855b8fe-6af9-4765-aeee-6d8441ec2a70
,,0,2026-04-10T04:33:29.296656441Z,2026-04-10T07:33:29.296656441Z,2026-04-10T07:08:00Z,3141952447.886633,energy,069ceef5-c089-40d5-b56c-6cca9fcfe296,069ceef5-c089-40d5-b56c-6cca9fcfe296,0de12792-1831-4fcd-9a43-d5206e56a013,energy_meter,44f2535a-4548-4677-9fca-62b85d4a1a52,1b3e3023-3e10-4604-b76d-27b885dd33b8,5855b8fe-6af9-4765-aeee-6d8441ec2a70
,,0,2026-04-10T04:33:29.296656441Z,2026-04-10T07:33:29.296656441Z,2026-04-10T07:09:00Z,3141952448.0651627,energy,069ceef5-c089-40d5-b56c-6cca9fcfe296,069ceef5-c089-40d5-b56c-6cca9fcfe296,0de12792-1831-4fcd-9a43-d5206e56a013,energy_meter,44f2535a-4548-4677-9fca-62b85d4a1a52,1b3e3023-3e10-4604-b76d-27b885dd33b8,5855b8fe-6af9-4765-aeee-6d8441ec2a70
,,0,2026-04-10T04:33:29.296656441Z,2026-04-10T07:33:29.296656441Z,2026-04-10T07:10:00Z,3141952448.305329,energy,069ceef5-c089-40d5-b56c-6cca9fcfe296,069ceef5-c089-40d5-b56c-6cca9fcfe296,0de12792-1831-4fcd-9a43-d5206e56a013,energy_meter,44f2535a-4548-4677-9fca-62b85d4a1a52,1b3e3023-3e10-4604-b76d-27b885dd33b8,5855b8fe-6af9-4765-aeee-6d8441ec2a70
,,0,2026-04-10T04:33:29.296656441Z,2026-04-10T07:33:29.296656441Z,2026-04-10T07:11:00Z,3141952448.879226,energy,069ceef5-c089-40d5-b56c-6cca9fcfe296,069ceef5-c089-40d5-b56c-6cca9fcfe296,0de12792-1831-4fcd-9a43-d5206e56a013,energy_meter,44f2535a-4548-4677-9fca-62b85d4a1a52,1b3e3023-3e10-4604-b76d-27b885dd33b8,5855b8fe-6af9-4765-aeee-6d8441ec2a70
,,0,2026-04-10T04:33:29.296656441Z,2026-04-10T07:33:29.296656441Z,2026-04-10T07:12:00Z,3141952449.607501,energy,069ceef5-c089-40d5-b56c-6cca9fcfe296,069ceef5-c089-40d5-b56c-6cca9fcfe296,0de12792-1831-4fcd-9a43-d5206e56a013,energy_meter,44f2535a-4548-4677-9fca-62b85d4a1a52,1b3e3023-3e10-4604-b76d-27b885dd33b8,5855b8fe-6af9-4765-aeee-6d8441ec2a70
,,0,2026-04-10T04:33:29.296656441Z,2026-04-10T07:33:29.296656441Z,2026-04-10T07:13:00Z,3141952450.263638,energy,069ceef5-c089-40d5-b56c-6cca9fcfe296,069ceef5-c089-40d5-b56c-6cca9fcfe296,0de12792-1831-4fcd-9a43-d5206e56a013,energy_meter,44f2535a-4548-4677-9fca-62b85d4a1a52,1b3e3023-3e10-4604-b76d-27b885dd33b8,5855b8fe-6af9-4765-aeee-6d8441ec2a70
,,0,2026-04-10T04:33:29.296656441Z,2026-04-10T07:33:29.296656441Z,2026-04-10T07:14:00Z,3141952450.746595,energy,069ceef5-c089-40d5-b56c-6cca9fcfe296,069ceef5-c089-40d5-b56c-6cca9fcfe296,0de12792-1831-4fcd-9a43-d5206e56a013,energy_meter,44f2535a-4548-4677-9fca-62b85d4a1a52,1b3e3023-3e10-4604-b76d-27b885dd33b8,5855b8fe-6af9-4765-aeee-6d8441ec2a70
,,0,2026-04-10T04:33:29.296656441Z,2026-04-10T07:33:29.296656441Z,2026-04-10T07:15:00Z,3141952451.0453296,energy,069ceef5-c089-40d5-b56c-6cca9fcfe296,069ceef5-c089-40d5-b56c-6cca9fcfe296,0de12792-1831-4fcd-9a43-d5206e56a013,energy_meter,44f2535a-4548-4677-9fca-62b85d4a1a52,1b3e3023-3e10-4604-b76d-27b885dd33b8,5855b8fe-6af9-4765-aeee-6d8441ec2a70
,,0,2026-04-10T04:33:29.296656441Z,2026-04-10T07:33:29.296656441Z,2026-04-10T07:16:00Z,3141952451.2178655,energy,069ceef5-c089-40d5-b56c-6cca9fcfe296,069ceef5-c089-40d5-b56c-6cca9fcfe296,0de12792-1831-4fcd-9a43-d5206e56a013,energy_meter,44f2535a-4548-4677-9fca-62b85d4a1a52,1b3e3023-3e10-4604-b76d-27b885dd33b8,5855b8fe-6af9-4765-aeee-6d8441ec2a70
,,0,2026-04-10T04:33:29.296656441Z,2026-04-10T07:33:29.296656441Z,2026-04-10T07:17:00Z,3141952451.5445914,energy,069ceef5-c089-40d5-b56c-6cca9fcfe296,069ceef5-c089-40d5-b56c-6cca9fcfe296,0de12792-1831-4fcd-9a43-d5206e56a013,energy_meter,44f2535a-4548-4677-9fca-62b85d4a1a52,1b3e3023-3e10-4604-b76d-27b885dd33b8,5855b8fe-6af9-4765-aeee-6d8441ec2a70
,,0,2026-04-10T04:33:29.296656441Z,2026-04-10T07:33:29.296656441Z,2026-04-10T07:18:00Z,3141952452.1801696,energy,069ceef5-c089-40d5-b56c-6cca9fcfe296,069ceef5-c089-40d5-b56c-6cca9fcfe296,0de12792-1831-4fcd-9a43-d5206e56a013,energy_meter,44f2535a-4548-4677-9fca-62b85d4a1a52,1b3e3023-3e10-4604-b76d-27b885dd33b8,5855b8fe-6af9-4765-aeee-6d8441ec2a70
,,0,2026-04-10T04:33:29.296656441Z,2026-04-10T07:33:29.296656441Z,2026-04-10T07:19:00Z,3141952453.0128922,energy,069ceef5-c089-40d5-b56c-6cca9fcfe296,069ceef5-c089-40d5-b56c-6cca9fcfe296,0de12792-1831-4fcd-9a43-d5206e56a013,energy_meter,44f2535a-4548-4677-9fca-62b85d4a1a52,1b3e3023-3e10-4604-b76d-27b885dd33b8,5855b8fe-6af9-4765-aeee-6d8441ec2a70
,,0,2026-04-10T04:33:29.296656441Z,2026-04-10T07:33:29.296656441Z,2026-04-10T07:20:00Z,3141952453.743795,energy,069ceef5-c089-40d5-b56c-6cca9fcfe296,069ceef5-c089-40d5-b56c-6cca9fcfe296,0de12792-1831-4fcd-9a43-d5206e56a013,energy_meter,44f2535a-4548-4677-9fca-62b85d4a1a52,1b3e3023-3e10-4604-b76d-27b885dd33b8,5855b8fe-6af9-4765-aeee-6d8441ec2a70
,,0,2026-04-10T04:33:29.296656441Z,2026-04-10T07:33:29.296656441Z,2026-04-10T07:21:00Z,3141952454.2143054,energy,069ceef5-c089-40d5-b56c-6cca9fcfe296,069ceef5-c089-40d5-b56c-6cca9fcfe296,0de12792-1831-4fcd-9a43-d5206e56a013,energy_meter,44f2535a-4548-4677-9fca-62b85d4a1a52,1b3e3023-3e10-4604-b76d-27b885dd33b8,5855b8fe-6af9-4765-aeee-6d8441ec2a70
,,0,2026-04-10T04:33:29.296656441Z,2026-04-10T07:33:29.296656441Z,2026-04-10T07:22:00Z,3141952454.4707494,energy,069ceef5-c089-40d5-b56c-6cca9fcfe296,069ceef5-c089-40d5-b56c-6cca9fcfe296,0de12792-1831-4fcd-9a43-d5206e56a013,energy_meter,44f2535a-4548-4677-9fca-62b85d4a1a52,1b3e3023-3e10-4604-b76d-27b885dd33b8,5855b8fe-6af9-4765-aeee-6d8441ec2a70
,,0,2026-04-10T04:33:29.296656441Z,2026-04-10T07:33:29.296656441Z,2026-04-10T07:23:00Z,3141952454.6269913,energy,069ceef5-c089-40d5-b56c-6cca9fcfe296,069ceef5-c089-40d5-b56c-6cca9fcfe296,0de12792-1831-4fcd-9a43-d5206e56a013,energy_meter,44f2535a-4548-4677-9fca-62b85d4a1a52,1b3e3023-3e10-4604-b76d-27b885dd33b8,5855b8fe-6af9-4765-aeee-6d8441ec2a70
,,0,2026-04-10T04:33:29.296656441Z,2026-04-10T07:33:29.296656441Z,2026-04-10T07:24:00Z,3141952454.924309,energy,069ceef5-c089-40d5-b56c-6cca9fcfe296,069ceef5-c089-40d5-b56c-6cca9fcfe296,0de12792-1831-4fcd-9a43-d5206e56a013,energy_meter,44f2535a-4548-4677-9fca-62b85d4a1a52,1b3e3023-3e10-4604-b76d-27b885dd33b8,5855b8fe-6af9-4765-aeee-6d8441ec2a70
,,0,2026-04-10T04:33:29.296656441Z,2026-04-10T07:33:29.296656441Z,2026-04-10T07:25:00Z,3141952455.508104,energy,069ceef5-c089-40d5-b56c-6cca9fcfe296,069ceef5-c089-40d5-b56c-6cca9fcfe296,0de12792-1831-4fcd-9a43-d5206e56a013,energy_meter,44f2535a-4548-4677-9fca-62b85d4a1a52,1b3e3023-3e10-4604-b76d-27b885dd33b8,5855b8fe-6af9-4765-aeee-6d8441ec2a70
,,0,2026-04-10T04:33:29.296656441Z,2026-04-10T07:33:29.296656441Z,2026-04-10T07:26:00Z,3141952456.2999425,energy,069ceef5-c089-40d5-b56c-6cca9fcfe296,069ceef5-c089-40d5-b56c-6cca9fcfe296,0de12792-1831-4fcd-9a43-d5206e56a013,energy_meter,44f2535a-4548-4677-9fca-62b85d4a1a52,1b3e3023-3e10-4604-b76d-27b885dd33b8,5855b8fe-6af9-4765-aeee-6d8441ec2a70
,,0,2026-04-10T04:33:29.296656441Z,2026-04-10T07:33:29.296656441Z,2026-04-10T07:27:00Z,3141952457.0573974,energy,069ceef5-c089-40d5-b56c-6cca9fcfe296,069ceef5-c089-40d5-b56c-6cca9fcfe296,0de12792-1831-4fcd-9a43-d5206e56a013,energy_meter,44f2535a-4548-4677-9fca-62b85d4a1a52,1b3e3023-3e10-4604-b76d-27b885dd33b8,5855b8fe-6af9-4765-aeee-6d8441ec2a70
,,0,2026-04-10T04:33:29.296656441Z,2026-04-10T07:33:29.296656441Z,2026-04-10T07:28:00Z,3141952457.6162457,energy,069ceef5-c089-40d5-b56c-6cca9fcfe296,069ceef5-c089-40d5-b56c-6cca9fcfe296,0de12792-1831-4fcd-9a43-d5206e56a013,energy_meter,44f2535a-4548-4677-9fca-62b85d4a1a52,1b3e3023-3e10-4604-b76d-27b885dd33b8,5855b8fe-6af9-4765-aeee-6d8441ec2a70
,,0,2026-04-10T04:33:29.296656441Z,2026-04-10T07:33:29.296656441Z,2026-04-10T07:29:00Z,3141952457.9373612,energy,069ceef5-c089-40d5-b56c-6cca9fcfe296,069ceef5-c089-40d5-b56c-6cca9fcfe296,0de12792-1831-4fcd-9a43-d5206e56a013,energy_meter,44f2535a-4548-4677-9fca-62b85d4a1a52,1b3e3023-3e10-4604-b76d-27b885dd33b8,5855b8fe-6af9-4765-aeee-6d8441ec2a70
,,0,2026-04-10T04:33:29.296656441Z,2026-04-10T07:33:29.296656441Z,2026-04-10T07:30:00Z,3141952458.133075,energy,069ceef5-c089-40d5-b56c-6cca9fcfe296,069ceef5-c089-40d5-b56c-6cca9fcfe296,0de12792-1831-4fcd-9a43-d5206e56a013,energy_meter,44f2535a-4548-4677-9fca-62b85d4a1a52,1b3e3023-3e10-4604-b76d-27b885dd33b8,5855b8fe-6af9-4765-aeee-6d8441ec2a70
,,0,2026-04-10T04:33:29.296656441Z,2026-04-10T07:33:29.296656441Z,2026-04-10T07:31:00Z,3141952458.354654,energy,069ceef5-c089-40d5-b56c-6cca9fcfe296,069ceef5-c089-40d5-b56c-6cca9fcfe296,0de12792-1831-4fcd-9a43-d5206e56a013,energy_meter,44f2535a-4548-4677-9fca-62b85d4a1a52,1b3e3023-3e10-4604-b76d-27b885dd33b8,5855b8fe-6af9-4765-aeee-6d8441ec2a70
,,0,2026-04-10T04:33:29.296656441Z,2026-04-10T07:33:29.296656441Z,2026-04-10T07:32:00Z,3141952458.854817,energy,069ceef5-c089-40d5-b56c-6cca9fcfe296,069ceef5-c089-40d5-b56c-6cca9fcfe296,0de12792-1831-4fcd-9a43-d5206e56a013,energy_meter,44f2535a-4548-4677-9fca-62b85d4a1a52,1b3e3023-3e10-4604-b76d-27b885dd33b8,5855b8fe-6af9-4765-aeee-6d8441ec2a70
,,0,2026-04-10T04:33:29.296656441Z,2026-04-10T07:33:29.296656441Z,2026-04-10T07:33:00Z,3141952459.5869384,energy,069ceef5-c089-40d5-b56c-6cca9fcfe296,069ceef5-c089-40d5-b56c-6cca9fcfe296,0de12792-1831-4fcd-9a43-d5206e56a013,energy_meter,44f2535a-4548-4677-9fca-62b85d4a1a52,1b3e3023-3e10-4604-b76d-27b885dd33b8,5855b8fe-6af9-4765-aeee-6d8441ec2a70
,,0,2026-04-10T04:33:29.296656441Z,2026-04-10T07:33:29.296656441Z,2026-04-10T07:33:29.296656441Z,3141952460.0710154,energy,069ceef5-c089-40d5-b56c-6cca9fcfe296,069ceef5-c089-40d5-b56c-6cca9fcfe296,0de12792-1831-4fcd-9a43-d5206e56a013,energy_meter,44f2535a-4548-4677-9fca-62b85d4a1a52,1b3e3023-3e10-4604-b76d-27b885dd33b8,5855b8fe-6af9-4765-aeee-6d8441ec2a70

