#group,false,false,true,true,false,false,true,true,true,true,true,true,true,true,true
#datatype,string,long,dateTime:RFC3339,dateTime:RFC3339,dateTime:RFC3339,double,string,string,string,string,string,string,string,string,string
#default,mean,,,,,,,,,,,,,,
,result,table,_start,_stop,_time,_value,_field,_measurement,edge_id,entity_id,entity_type,measurement_id,station_id,tag_id,tenant_id
,,0,2026-04-10T04:30:58.586180417Z,2026-04-10T07:30:58.586180417Z,2026-04-10T04:32:00Z,72000,power,fb3bf0df-a440-4b23-a3a5-bd49ea36e411,fb3bf0df-a440-4b23-a3a5-bd49ea36e411,003c80a2-83dc-4df1-a2b7-db0bfef7688e,power_connection_point,75fe2013-b247-4d9d-bad1-203bcca8cb6c,7fefb0bd-7b2a-1fd4-cd38-2a08c300e886,8d64fbe0-a8cb-45e7-a30f-e61bf15f9327,5855b8fe-6af9-4765-aeee-6d8441ec2a70
,,0,2026-04-10T04:30:58.586180417Z,2026-04-10T07:30:58.586180417Z,2026-04-10T04:33:00Z,69000,power,fb3bf0df-a440-4b23-a3a5-bd49ea36e411,fb3bf0df-a440-4b23-a3a5-bd49ea36e411,003c80a2-83dc-4df1-a2b7-db0bfef7688e,power_connection_point,75fe2013-b247-4d9d-bad1-203bcca8cb6c,7fefb0bd-7b2a-1fd4-cd38-2a08c300e886,8d64fbe0-a8cb-45e7-a30f-e61bf15f9327,5855b8fe-6af9-4765-aeee-6d8441ec2a70
,,0,2026-04-10T04:30:58.586180417Z,2026-04-10T07:30:58.586180417Z,2026-04-10T04:34:00Z,71700,power,fb3bf0df-a440-4b23-a3a5-bd49ea36e411,fb3bf0df-a440-4b23-a3a5-bd49ea36e411,003c80a2-83dc-4df1-a2b7-db0bfef7688e,power_connection_point,75fe2013-b247-4d9d-bad1-203bcca8cb6c,7fefb0bd-7b2a-1fd4-cd38-2a08c300e886,8d64fbe0-a8cb-45e7-a30f-e61bf15f9327,5855b8fe-6af9-4765-aeee-6d8441ec2a70
,,0,2026-04-10T04:30:58.586180417Z,2026-04-10T07:30:58.586180417Z,2026-04-10T04:35:00Z,70150,power,fb3bf0df-a440-4b23-a3a5-bd49ea36e411,fb3bf0df-a440-4b23-a3a5-bd49ea36e411,003c80a2-83dc-4df1-a2b7-db0bfef7688e,power_connection_point,75fe2013-b247-4d9d-bad1-203bcca8cb6c,7fefb0bd-7b2a-1fd4-cd38-2a08c300e886,8d64fbe0-a8cb-45e7-a30f-e61bf15f9327,5855b8fe-6af9-4765-aeee-6d8441ec2a70
,,0,2026-04-10T04:30:58.586180417Z,2026-04-10T07:30:58.586180417Z,2026-04-10T04:36:00Z,76650,power,fb3bf0df-a440-4b23-a3a5-bd49ea36e411,fb3bf0df-a440-4b23-a3a5-bd49ea36e411,003c80a2-83dc-4df1-a2b7-db0bfef7688e,power_connection_point,75fe2013-b247-4d9d-bad1-203bcca8cb6c,7fefb0bd-7b2a-1fd4-cd38-2a08c300e886,8d64fbe0-a8cb-45e7-a30f-e61bf15f9327,5855b8fe-6af9-4765-aeee-6d8441ec2a70
,,0,2026-04-10T04:30:58.586180417Z,2026-04-10T07:30:58.586180417Z,2026-04-10T04:37:00Z,75420,power,fb3bf0df-a440-4b23-a3a5-bd49ea36e411,fb3bf0df-a440-4b23-a3a5-bd49ea36e411,003c80a2-83dc-4df1-a2b7-db0bfef7688e,power_connection_point,75fe2013-b247-4d9d-bad1-203bcca8cb6c,7fefb0bd-7b2a-1fd4-cd38-2a08c300e886,8d64fbe0-a8cb-45e7-a30f-e61bf15f9327,5855b8fe-6af9-4765-aeee-6d8441ec2a70
,,0,2026-04-10T04:30:58.586180417Z,2026-04-10T07:30:58.586180417Z,2026-04-10T04:38:00Z,76950,power,fb3bf0df-a440-4b23-a3a5-bd49ea36e411,fb3bf0df-a440-4b23-a3a5-bd49ea36e411,003c80a2-83dc-4df1-a2b7-db0bfef7688e,power_connection_point,75fe2013-b247-4d9d-bad1-203bcca8cb6c,7fefb0bd-7b2a-1fd4-cd38-2a08c300e886,8d64fbe0-a8cb-45e7-a30f-e61bf15f9327,5855b8fe-6af9-4765-aeee-6d8441ec2a70
,,0,2026-04-10T04:30:58.586180417Z,2026-04-10T07:30:58.586180417Z,2026-04-10T04:39:00Z,74450,power,fb3bf0df-a440-4b23-a3a5-bd49ea36e411,fb3bf0df-a440-4b23-a3a5-bd49ea36e411,003c80a2-83dc-4df1-a2b7-db0bfef7688e,power_connection_point,75fe2013-b247-4d9d-bad1-203bcca8cb6c,7fefb0bd-7b2a-1fd4-cd38-2a08c300e886,8d64fbe0-a8cb-45e7-a30f-e61bf15f9327,5855b8fe-6af9-4765-aeee-6d8441ec2a70
,,0,2026-04-10T04:30:58.586180417Z,2026-04-10T07:30:58.586180417Z,2026-04-10T04:40:00Z,69150,power,fb3bf0df-a440-4b23-a3a5-bd49ea36e411,fb3bf0df-a440-4b23-a3a5-bd49ea36e411,003c80a2-83dc-4df1-a2b7-db0bfef7688e,power_connection_point,75fe2013-b247-4d9d-bad1-203bcca8cb6c,7fefb0bd-7b2a-1fd4-cd38-2a08c300e886,8d64fbe0-a8cb-45e7-a30f-e61bf15f9327,5855b8fe-6af9-4765-aeee-6d8441ec2a70
,,0,2026-04-10T04:30:58.586180417Z,2026-04-10T07:30:58.586180417Z,2026-04-10T04:41:00Z,69600,power,fb3bf0df-a440-4b23-a3a5-bd49ea36e411,fb3bf0df-a440-4b23-a3a5-bd49ea36e411,003c80a2-83dc-4df1-a2b7-db0bfef7688e,power_connection_point,75fe2013-b247-4d9d-bad1-203bcca8cb6c,7fefb0bd-7b2a-1fd4-cd38-2a08c300e886,8d64fbe0-a8cb-45e7-a30f-e61bf15f9327,5855b8fe-6af9-4765-aeee-6d8441ec2a70
,,0,2026-04-10T04:30:58.586180417Z,2026-04-10T07:30:58.586180417Z,2026-04-10T04:42:00Z,70950,power,fb3bf0df-a440-4b23-a3a5-bd49ea36e411,fb3bf0df-a440-4b23-a3a5-bd49ea36e411,003c80a2-83dc-4df1-a2b7-db0bfef7688e,power_connection_point,75fe2013-b247-4d9d-bad1-203bcca8cb6c,7fefb0bd-7b2a-1fd4-cd38-2a08c300e886,8d64fbe0-a8cb-45e7-a30f-e61bf15f9327,5855b8fe-6af9-4765-aeee-6d8441ec2a70
,,0,2026-04-10T04:30:58.586180417Z,2026-04-10T07:30:58.586180417Z,2026-04-10T04:43:00Z,72600,power,fb3bf0df-a440-4b23-a3a5-bd49ea36e411,fb3bf0df-a440-4b23-a3a5-bd49ea36e411,003c80a2-83dc-4df1-a2b7-db0bfef7688e,power_connection_point,75fe2013-b247-4d9d-bad1-203bcca8cb6c,7fefb0bd-7b2a-1fd4-cd38-2a08c300e886,8d64fbe0-a8cb-45e7-a30f-e61bf15f9327,5855b8fe-6af9-4765-aeee-6d8441ec2a70
,,0,2026-04-10T04:30:58.586180417Z,2026-04-10T07:30:58.586180417Z,2026-04-10T04:44:00Z,71300,power,fb3bf0df-a440-4b23-a3a5-bd49ea36e411,fb3bf0df-a440-4b23-a3a5-bd49ea36e411,003c80a2-83dc-4df1-a2b7-db0bfef7688e,power_connection_point,75fe2013-b247-4d9d-bad1-203bcca8cb6c,7fefb0bd-7b2a-1fd4-cd38-2a08c300e886,8d64fbe0-a8cb-45e7-a30f-e61bf15f9327,5855b8fe-6af9-4765-aeee-6d8441ec2a70
,,0,2026-04-10T04:30:58.586180417Z,2026-04-10T07:30:58.586180417Z,2026-04-10T04:45:00Z,72660,power,fb3bf0df-a440-4b23-a3a5-bd49ea36e411,fb3bf0df-a440-4b23-a3a5-bd49ea36e411,003c80a2-83dc-4df1-a2b7-db0bfef7688e,power_connection_point,75fe2013-b247-4d9d-bad1-203bcca8cb6c,7fefb0bd-7b2a-1fd4-cd38-2a08c300e886,8d64fbe0-a8cb-45e7-a30f-e61bf15f9327,5855b8fe-6af9-4765-aeee-6d8441ec2a70
,,0,2026-04-10T04:30:58.586180417Z,2026-04-10T07:30:58.586180417Z,2026-04-10T04:46:00Z,77220,power,fb3bf0df-a440-4b23-a3a5-bd49ea36e411,fb3bf0df-a440-4b23-a3a5-bd49ea36e411,003c80a2-83dc-4df1-a2b7-db0bfef7688e,power_connection_point,75fe2013-b247-4d9d-bad1-203bcca8cb6c,7fefb0bd-7b2a-1fd4-cd38-2a08c300e886,8d64fbe0-a8cb-45e7-a30f-e61bf15f9327,5855b8fe-6af9-4765-aeee-6d8441ec2a70
,,0,2026-04-10T04:30:58.586180417Z,2026-04-10T07:30:58.586180417Z,2026-04-10T04:47:00Z,85125,power,fb3bf0df-a440-4b23-a3a5-bd49ea36e411,fb3bf0df-a440-4b23-a3a5-bd49ea36e411,003c80a2-83dc-4df1-a2b7-db0bfef7688e,power_connection_point,75fe2013-b247-4d9d-bad1-203bcca8cb6c,7fefb0bd-7b2a-1fd4-cd38-2a08c300e886,8d64fbe0-a8cb-45e7-a30f-e61bf15f9327,5855b8fe-6af9-4765-aeee-6d8441ec2a70
,,0,2026-04-10T04:30:58.586180417Z,2026-04-10T07:30:58.586180417Z,2026-04-10T04:48:00Z,83640,power,fb3bf0df-a440-4b23-a3a5-bd49ea36e411,fb3bf0df-a440-4b23-a3a5-bd49ea36e411,003c80a2-83dc-4df1-a2b7-db0bfef7688e,power_connection_point,75fe2013-b247-4d9d-bad1-203bcca8cb6c,7fefb0bd-7b2a-1fd4-cd38-2a08c300e886,8d64fbe0-a8cb-45e7-a30f-e61bf15f9327,5855b8fe-6af9-4765-aeee-6d8441ec2a70
,,0,2026-04-10T04:30:58.586180417Z,2026-04-10T07:30:58.586180417Z,2026-04-10T04:49:00Z,79800,power,fb3bf0df-a440-4b23-a3a5-bd49ea36e411,fb3bf0df-a440-4b23-a3a5-bd49ea36e411,003c80a2-83dc-4df1-a2b7-db0bfef7688e,power_connection_point,75fe2013-b247-4d9d-bad1-203bcca8cb6c,7fefb0bd-7b2a-1fd4-cd38-2a08c300e886,8d64fbe0-a8cb-45e7-a30f-e61bf15f9327,5855b8fe-6af9-4765-aeee-6d8441ec2a70
,,0,2026-04-10T04:30:58.586180417Z,2026-04-10T07:30:58.586180417Z,2026-04-10T04:50:00Z,72400,power,fb3bf0df-a440-4b23-a3a5-bd49ea36e411,fb3bf0df-a440-4b23-a3a5-bd49ea36e411,003c80a2-83dc-4df1-a2b7-db0bfef7688e,power_connection_point,75fe2013-b247-4d9d-bad1-203bcca8cb6c,7fefb0bd-7b2a-1fd4-cd38-2a08c300e886,8d64fbe0-a8cb-45e7-a30f-e61bf15f9327,5855b8fe-6af9-4765-aeee-6d8441ec2a70
,,0,2026-04-10T04:30:58.586180417Z,2026-04-10T07:30:58.586180417Z,2026-04-10T04:51:00Z,71350,power,fb3bf0df-a440-4b23-a3a5-bd49ea36e411,fb3bf0df-a440-4b23-a3a5-bd49ea36e411,003c80a2-83dc-4df1-a2b7-db0bfef7688e,power_connection_point,75fe2013-b247-4d9d-bad1-203bcca8cb6c,7fefb0bd-7b2a-1fd4-cd38-2a08c300e886,8d64fbe0-a8cb-45e7-a30f-e61bf15f9327,5855b8fe-6af9-4765-aeee-6d8441ec2a70
,,0,2026-04-10T04:30:58.586180417Z,2026-04-10T07:30:58.586180417Z,2026-04-10T04:52:00Z,71340,power,fb3bf0df-a440-4b23-a3a5-bd49ea36e411,fb3bf0df-a440-4b23-a3a5-bd49ea36e411,003c80a2-83dc-4df1-a2b7-db0bfef7688e,power_connection_point,75fe2013-b247-4d9d-bad1-203bcca8cb6c,7fefb0bd-7b2a-1fd4-cd38-2a08c300e886,8d64fbe0-a8cb-45e7-a30f-e61bf15f9327,5855b8fe-6af9-4765-aeee-6d8441ec2a70
,,0,2026-04-10T04:30:58.586180417Z,2026-04-10T07:30:58.586180417Z,2026-04-10T04:53:00Z,69250,power,fb3bf0df-a440-4b23-a3a5-bd49ea36e411,fb3bf0df-a440-4b23-a3a5-bd49ea36e411,003c80a2-83dc-4df1-a2b7-db0bfef7688e,power_connection_point,75fe2013-b247-4d9d-bad1-203bcca8cb6c,7fefb0bd-7b2a-1fd4-cd38-2a08c300e886,8d64fbe0-a8cb-45e7-a30f-e61bf15f9327,5855b8fe-6af9-4765-aeee-6d8441ec2a70
,,0,2026-04-10T04:30:58.586180417Z,2026-04-10T07:30:58.586180417Z,2026-04-10T04:54:00Z,68850,power,fb3bf0df-a440-4b23-a3a5-bd49ea36e411,fb3bf0df-a440-4b23-a3a5-bd49ea36e411,003c80a2-83dc-4df1-a2b7-db0bfef7688e,power_connection_point,75fe2013-b247-4d9d-bad1-203bcca8cb6c,7fefb0bd-7b2a-1fd4-cd38-2a08c300e886,8d64fbe0-a8cb-45e7-a30f-e61bf15f9327,5855b8fe-6af9-4765-aeee-6d8441ec2a70
,,0,2026-04-10T04:30:58.586180417Z,2026-04-10T07:30:58.586180417Z,2026-04-10T04:55:00Z,72000,power,fb3bf0df-a440-4b23-a3a5-bd49ea36e411,fb3bf0df-a440-4b23-a3a5-bd49ea36e411,003c80a2-83dc-4df1-a2b7-db0bfef7688e,power_connection_point,75fe2013-b247-4d9d-bad1-203bcca8cb6c,7fefb0bd-7b2a-1fd4-cd38-2a08c300e886,8d64fbe0-a8cb-45e7-a30f-e61bf15f9327,5855b8fe-6af9-4765-aeee-6d8441ec2a70
,,0,2026-04-10T04:30:58.586180417Z,2026-04-10T07:30:58.586180417Z,2026-04-10T04:56:00Z,71800,power,fb3bf0df-a440-4b23-a3a5-bd49ea36e411,fb3bf0df-a440-4b23-a3a5-bd49ea36e411,003c80a2-83dc-4df1-a2b7-db0bfef7688e,power_connection_point,75fe2013-b247-4d9d-bad1-203bcca8cb6c,7fefb0bd-7b2a-1fd4-cd38-2a08c300e886,8d64fbe0-a8cb-45e7-a30f-e61bf15f9327,5855b8fe-6af9-4765-aeee-6d8441ec2a70
,,0,2026-04-10T04:30:58.586180417Z,2026-04-10T07:30:58.586180417Z,2026-04-10T04:57:00Z,75250,power,fb3bf0df-a440-4b23-a3a5-bd49ea36e411,fb3bf0df-a440-4b23-a3a5-bd49ea36e411,003c80a2-83dc-4df1-a2b7-db0bfef7688e,power_connection_point,75fe2013-b247-4d9d-bad1-203bcca8cb6c,7fefb0bd-7b2a-1fd4-cd38-2a08c300e886,8d64fbe0-a8cb-45e7-a30f-e61bf15f9327,5855b8fe-6af9-4765-aeee-6d8441ec2a70
,,0,2026-04-10T04:30:58.586180417Z,2026-04-10T07:30:58.586180417Z,2026-04-10T04:58:00Z,77500,power,fb3bf0df-a440-4b23-a3a5-bd49ea36e411,fb3bf0df-a440-4b23-a3a5-bd49ea36e411,003c80a2-83dc-4df1-a2b7-db0bfef7688e,power_connection_point,75fe2013-b247-4d9d-bad1-203bcca8cb6c,7fefb0bd-7b2a-1fd4-cd38-2a08c300e886,8d64fbe0-a8cb-45e7-a30f-e61bf15f9327,5855b8fe-6af9-4765-aeee-6d8441ec2a70
,,0,2026-04-10T04:30:58.586180417Z,2026-04-10T07:30:58.586180417Z,2026-04-10T04:59:00Z,80800,power,fb3bf0df-a440-4b23-a3a5-bd49ea36e411,fb3bf0df-a440-4b23-a3a5-bd49ea36e411,003c80a2-83dc-4df1-a2b7-db0bfef7688e,power_connection_point,75fe2013-b247-4d9d-bad1-203bcca8cb6c,7fefb0bd-7b2a-1fd4-cd38-2a08c300e886,8d64fbe0-a8cb-45e7-a30f-e61bf15f9327,5855b8fe-6af9-4765-aeee-6d8441ec2a70
,,0,2026-04-10T04:30:58.586180417Z,2026-04-10T07:30:58.586180417Z,2026-04-10T05:00:00Z,84360,power,fb3bf0df-a440-4b23-a3a5-bd49ea36e411,fb3bf0df-a440-4b23-a3a5-bd49ea36e411,003c80a2-83dc-4df1-a2b7-db0bfef7688e,power_connection_point,75fe2013-b247-4d9d-bad1-203bcca8cb6c,7fefb0bd-7b2a-1fd4-cd38-2a08c300e886,8d64fbe0-a8cb-45e7-a30f-e61bf15f9327,5855b8fe-6af9-4765-aeee-6d8441ec2a70
,,0,2026-04-10T04:30:58.586180417Z,2026-04-10T07:30:58.586180417Z,2026-04-10T05:01:00Z,80200,power,fb3bf0df-a440-4b23-a3a5-bd49ea36e411,fb3bf0df-a440-4b23-a3a5-bd49ea36e411,003c80a2-83dc-4df1-a2b7-db0bfef7688e,power_connection_point,75fe2013-b247-4d9d-bad1-203bcca8cb6c,7fefb0bd-7b2a-1fd4-cd38-2a08c300e886,8d64fbe0-a8cb-45e7-a30f-e61bf15f9327,5855b8fe-6af9-4765-aeee-6d8441ec2a70
,,0,2026-04-10T04:30:58.586180417Z,2026-04-10T07:30:58.586180417Z,2026-04-10T05:02:00Z,75600,power,fb3bf0df-a440-4b23-a3a5-bd49ea36e411,fb3bf0df-a440-4b23-a3a5-bd49ea36e411,003c80a2-83dc-4df1-a2b7-db0bfef7688e,power_connection_point,75fe2013-b247-4d9d-bad1-203bcca8cb6c,7fefb0bd-7b2a-1fd4-cd38-2a08c300e886,8d64fbe0-a8cb-45e7-a30f-e61bf15f9327,5855b8fe-6af9-4765-aeee-6d8441ec2a70
,,0,2026-04-10T04:30:58.586180417Z,2026-04-10T07:30:58.586180417Z,2026-04-10T05:03:00Z,67800,power,fb3bf0df-a440-4b23-a3a5-bd49ea36e411,fb3bf0df-a440-4b23-a3a5-bd49ea36e411,003c80a2-83dc-4df1-a2b7-db0bfef7688e,power_connection_point,75fe2013-b247-4d9d-bad1-203bcca8cb6c,7fefb0bd-7b2a-1fd4-cd38-2a08c300e886,8d64fbe0-a8cb-45e7-a30f-e61bf15f9327,5855b8fe-6af9-4765-aeee-6d8441ec2a70
,,0,2026-04-10T04:30:58.586180417Z,2026-04-10T07:30:58.586180417Z,2026-04-10T05:04:00Z,73500,power,fb3bf0df-a440-4b23-a3a5-bd49ea36e411,fb3bf0df-a440-4b23-a3a5-bd49ea36e411,003c80a2-83dc-4df1-a2b7-db0bfef7688e,power_connection_point,75fe2013-b247-4d9d-bad1-203bcca8cb6c,7fefb0bd-7b2a-1fd4-cd38-2a08c300e886,8d64fbe0-a8cb-45e7-a30f-e61bf15f9327,5855b8fe-6af9-4765-aeee-6d8441ec2a70
,,0,2026-04-10T04:30:58.586180417Z,2026-04-10T07:30:58.586180417Z,2026-04-10T05:05:00Z,72150,power,fb3bf0df-a440-4b23-a3a5-bd49ea36e411,fb3bf0df-a440-4b23-a3a5-bd49ea36e411,003c80a2-83dc-4df1-a2b7-db0bfef7688e,power_connection_point,75fe2013-b247-4d9d-bad1-203bcca8cb6c,7fefb0bd-7b2a-1fd4-cd38-2a08c300e886,8d64fbe0-a8cb-45e7-a30f-e61bf15f9327,5855b8fe-6af9-4765-aeee-6d8441ec2a70
,,0,2026-04-10T04:30:58.586180417Z,2026-04-10T07:30:58.586180417Z,2026-04-10T05:06:00Z,69250,power,fb3bf0df-a440-4b23-a3a5-bd49ea36e411,fb3bf0df-a440-4b23-a3a5-bd49ea36e411,003c80a2-83dc-4df1-a2b7-db0bfef7688e,power_connection_point,75fe2013-b247-4d9d-bad1-203bcca8cb6c,7fefb0bd-7b2a-1fd4-cd38-2a08c300e886,8d64fbe0-a8cb-45e7-a30f-e61bf15f9327,5855b8fe-6af9-4765-aeee-6d8441ec2a70
,,0,2026-04-10T04:30:58.586180417Z,2026-04-10T07:30:58.586180417Z,2026-04-10T05:07:00Z,67800,power,fb3bf0df-a440-4b23-a3a5-bd49ea36e411,fb3bf0df-a440-4b23-a3a5-bd49ea36e411,003c80a2-83dc-4df1-a2b7-db0bfef7688e,power_connection_point,75fe2013-b247-4d9d-bad1-203bcca8cb6c,7fefb0bd-7b2a-1fd4-cd38-2a08c300e886,8d64fbe0-a8cb-45e7-a30f-e61bf15f9327,5855b8fe-6af9-4765-aeee-6d8441ec2a70
,,0,2026-04-10T04:30:58.586180417Z,2026-04-10T07:30:58.586180417Z,2026-04-10T05:08:00Z,81000,power,fb3bf0df-a440-4b23-a3a5-bd49ea36e411,fb3bf0df-a440-4b23-a3a5-bd49ea36e411,003c80a2-83dc-4df1-a2b7-db0bfef7688e,power_connection_point,75fe2013-b247-4d9d-bad1-203bcca8cb6c,7fefb0bd-7b2a-1fd4-cd38-2a08c300e886,8d64fbe0-a8cb-45e7-a30f-e61bf15f9327,5855b8fe-6af9-4765-aeee-6d8441ec2a70
,,0,2026-04-10T04:30:58.586180417Z,2026-04-10T07:30:58.586180417Z,2026-04-10T05:09:00Z,81700,power,fb3bf0df-a440-4b23-a3a5-bd49ea36e411,fb3bf0df-a440-4b23-a3a5-bd49ea36e411,003c80a2-83dc-4df1-a2b7-db0bfef7688e,power_connection_point,75fe2013-b247-4d9d-bad1-203bcca8cb6c,7fefb0bd-7b2a-1fd4-cd38-2a08c300e886,8d64fbe0-a8cb-45e7-a30f-e61bf15f9327,5855b8fe-6af9-4765-aeee-6d8441ec2a70
,,0,2026-04-10T04:30:58.586180417Z,2026-04-10T07:30:58.586180417Z,2026-04-10T05:10:00Z,79250,power,fb3bf0df-a440-4b23-a3a5-bd49ea36e411,fb3bf0df-a440-4b23-a3a5-bd49ea36e411,003c80a2-83dc-4df1-a2b7-db0bfef7688e,power_connection_point,75fe2013-b247-4d9d-bad1-203bcca8cb6c,7fefb0bd-7b2a-1fd4-cd38-2a08c300e886,8d64fbe0-a8cb-45e7-a30f-e61bf15f9327,5855b8fe-6af9-4765-aeee-6d8441ec2a70
,,0,2026-04-10T04:30:58.586180417Z,2026-04-10T07:30:58.586180417Z,2026-04-10T05:11:00Z,76700,power,fb3bf0df-a440-4b23-a3a5-bd49ea36e411,fb3bf0df-a440-4b23-a3a5-bd49ea36e411,003c80a2-83dc-4df1-a2b7-db0bfef7688e,power_connection_point,75fe2013-b247-4d9d-bad1-203bcca8cb6c,7fefb0bd-7b2a-1fd4-cd38-2a08c300e886,8d64fbe0-a8cb-45e7-a30f-e61bf15f9327,5855b8fe-6af9-4765-aeee-6d8441ec2a70
,,0,2026-04-10T04:30:58.586180417Z,2026-04-10T07:30:58.586180417Z,2026-04-10T05:12:00Z,72500,power,fb3bf0df-a440-4b23-a3a5-bd49ea36e411,fb3bf0df-a440-4b23-a3a5-bd49ea36e411,003c80a2-83dc-4df1-a2b7-db0bfef7688e,power_connection_point,75fe2013-b247-4d9d-bad1-203bcca8cb6c,7fefb0bd-7b2a-1fd4-cd38-2a08c300e886,8d64fbe0-a8cb-45e7-a30f-e61bf15f9327,5855b8fe-6af9-4765-aeee-6d8441ec2a70
,,0,2026-04-10T04:30:58.586180417Z,2026-04-10T07:30:58.586180417Z,2026-04-10T05:13:00Z,72800,power,fb3bf0df-a440-4b23-a3a5-bd49ea36e411,fb3bf0df-a440-4b23-a3a5-bd49ea36e411,003c80a2-83dc-4df1-a2b7-db0bfef7688e,power_connection_point,75fe2013-b247-4d9d-bad1-203bcca8cb6c,7fefb0bd-7b2a-1fd4-cd38-2a08c300e886,8d64fbe0-a8cb-45e7-a30f-e61bf15f9327,5855b8fe-6af9-4765-aeee-6d8441ec2a70
,,0,2026-04-10T04:30:58.586180417Z,2026-04-10T07:30:58.586180417Z,2026-04-10T05:14:00Z,70800,power,fb3bf0df-a440-4b23-a3a5-bd49ea36e411,fb3bf0df-a440-4b23-a3a5-bd49ea36e411,003c80a2-83dc-4df1-a2b7-db0bfef7688e,power_connection_point,75fe2013-b247-4d9d-bad1-203bcca8cb6c,7fefb0bd-7b2a-1fd4-cd38-2a08c300e886,8d64fbe0-a8cb-45e7-a30f-e61bf15f9327,5855b8fe-6af9-4765-aeee-6d8441ec2a70
,,0,2026-04-10T04:30:58.586180417Z,2026-04-10T07:30:58.586180417Z,2026-04-10T05:15:00Z,76350,power,fb3bf0df-a440-4b23-a3a5-bd49ea36e411,fb3bf0df-a440-4b23-a3a5-bd49ea36e411,003c80a2-83dc-4df1-a2b7-db0bfef7688e,power_connection_point,75fe2013-b247-4d9d-bad1-203bcca8cb6c,7fefb0bd-7b2a-1fd4-cd38-2a08c300e886,8d64fbe0-a8cb-45e7-a30f-e61bf15f9327,5855b8fe-6af9-4765-aeee-6d8441ec2a70
,,0,2026-04-10T04:30:58.586180417Z,2026-04-10T07:30:58.586180417Z,2026-04-10T05:16:00Z,72950,power,fb3bf0df-a440-4b23-a3a5-bd49ea36e411,fb3bf0df-a440-4b23-a3a5-bd49ea36e411,003c80a2-83dc-4df1-a2b7-db0bfef7688e,power_connection_point,75fe2013-b247-4d9d-bad1-203bcca8cb6c,7fefb0bd-7b2a-1fd4-cd38-2a08c300e886,8d64fbe0-a8cb-45e7-a30f-e61bf15f9327,5855b8fe-6af9-4765-aeee-6d8441ec2a70
,,0,2026-04-10T04:30:58.586180417Z,2026-04-10T07:30:58.586180417Z,2026-04-10T05:17:00Z,70080,power,fb3bf0df-a440-4b23-a3a5-bd49ea36e411,fb3bf0df-a440-4b23-a3a5-bd49ea36e411,003c80a2-83dc-4df1-a2b7-db0bfef7688e,power_connection_point,75fe2013-b247-4d9d-bad1-203bcca8cb6c,7fefb0bd-7b2a-1fd4-cd38-2a08c300e886,8d64fbe0-a8cb-45e7-a30f-e61bf15f9327,5855b8fe-6af9-4765-aeee-6d8441ec2a70
,,0,2026-04-10T04:30:58.586180417Z,2026-04-10T07:30:58.586180417Z,2026-04-10T05:18:00Z,58125,power,fb3bf0df-a440-4b23-a3a5-bd49ea36e411,fb3bf0df-a440-4b23-a3a5-bd49ea36e411,003c80a2-83dc-4df1-a2b7-db0bfef7688e,power_connection_point,75fe2013-b247-4d9d-bad1-203bcca8cb6c,7fefb0bd-7b2a-1fd4-cd38-2a08c300e886,8d64fbe0-a8cb-45e7-a30f-e61bf15f9327,5855b8fe-6af9-4765-aeee-6d8441ec2a70
,,0,2026-04-10T04:30:58.586180417Z,2026-04-10T07:30:58.586180417Z,2026-04-10T05:19:00Z,15000,power,fb3bf0df-a440-4b23-a3a5-bd49ea36e411,fb3bf0df-a440-4b23-a3a5-bd49ea36e411,003c80a2-83dc-4df1-a2b7-db0bfef7688e,power_connection_point,75fe2013-b247-4d9d-bad1-203bcca8cb6c,7fefb0bd-7b2a-1fd4-cd38-2a08c300e886,8d64fbe0-a8cb-45e7-a30f-e61bf15f9327,5855b8fe-6af9-4765-aeee-6d8441ec2a70
,,0,2026-04-10T04:30:58.586180417Z,2026-04-10T07:30:58.586180417Z,2026-04-10T05:21:00Z,14550,power,fb3bf0df-a440-4b23-a3a5-bd49ea36e411,fb3bf0df-a440-4b23-a3a5-bd49ea36e411,003c80a2-83dc-4df1-a2b7-db0bfef7688e,power_connection_point,75fe2013-b247-4d9d-bad1-203bcca8cb6c,7fefb0bd-7b2a-1fd4-cd38-2a08c300e886,8d64fbe0-a8cb-45e7-a30f-e61bf15f9327,5855b8fe-6af9-4765-aeee-6d8441ec2a70
,,0,2026-04-10T04:30:58.586180417Z,2026-04-10T07:30:58.586180417Z,2026-04-10T05:22:00Z,14700,power,fb3bf0df-a440-4b23-a3a5-bd49ea36e411,fb3bf0df-a440-4b23-a3a5-bd49ea36e411,003c80a2-83dc-4df1-a2b7-db0bfef7688e,power_connection_point,75fe2013-b247-4d9d-bad1-203bcca8cb6c,7fefb0bd-7b2a-1fd4-cd38-2a08c300e886,8d64fbe0-a8cb-45e7-a30f-e61bf15f9327,5855b8fe-6af9-4765-aeee-6d8441ec2a70
,,0,2026-04-10T04:30:58.586180417Z,2026-04-10T07:30:58.586180417Z,2026-04-10T05:23:00Z,14400,power,fb3bf0df-a440-4b23-a3a5-bd49ea36e411,fb3bf0df-a440-4b23-a3a5-bd49ea36e411,003c80a2-83dc-4df1-a2b7-db0bfef7688e,power_connection_point,75fe2013-b247-4d9d-bad1-203bcca8cb6c,7fefb0bd-7b2a-1fd4-cd38-2a08c300e886,8d64fbe0-a8cb-45e7-a30f-e61bf15f9327,5855b8fe-6af9-4765-aeee-6d8441ec2a70
,,0,2026-04-10T04:30:58.586180417Z,2026-04-10T07:30:58.586180417Z,2026-04-10T05:24:00Z,15000,power,fb3bf0df-a440-4b23-a3a5-bd49ea36e411,fb3bf0df-a440-4b23-a3a5-bd49ea36e411,003c80a2-83dc-4df1-a2b7-db0bfef7688e,power_connection_point,75fe2013-b247-4d9d-bad1-203bcca8cb6c,7fefb0bd-7b2a-1fd4-cd38-2a08c300e886,8d64fbe0-a8cb-45e7-a30f-e61bf15f9327,5855b8fe-6af9-4765-aeee-6d8441ec2a70
,,0,2026-04-10T04:30:58.586180417Z,2026-04-10T07:30:58.586180417Z,2026-04-10T05:25:00Z,14400,power,fb3bf0df-a440-4b23-a3a5-bd49ea36e411,fb3bf0df-a440-4b23-a3a5-bd49ea36e411,003c80a2-83dc-4df1-a2b7-db0bfef7688e,power_connection_point,75fe2013-b247-4d9d-bad1-203bcca8cb6c,7fefb0bd-7b2a-1fd4-cd38-2a08c300e886,8d64fbe0-a8cb-45e7-a30f-e61bf15f9327,5855b8fe-6af9-4765-aeee-6d8441ec2a70
,,0,2026-04-10T04:30:58.586180417Z,2026-04-10T07:30:58.586180417Z,2026-04-10T05:26:00Z,14925,power,fb3bf0df-a440-4b23-a3a5-bd49ea36e411,fb3bf0df-a440-4b23-a3a5-bd49ea36e411,003c80a2-83dc-4df1-a2b7-db0bfef7688e,power_connection_point,75fe2013-b247-4d9d-bad1-203bcca8cb6c,7fefb0bd-7b2a-1fd4-cd38-2a08c300e886,8d64fbe0-a8cb-45e7-a30f-e61bf15f9327,5855b8fe-6af9-4765-aeee-6d8441ec2a70
,,0,2026-04-10T04:30:58.586180417Z,2026-04-10T07:30:58.586180417Z,2026-04-10T05:27:00Z,15000,power,fb3bf0df-a440-4b23-a3a5-bd49ea36e411,fb3bf0df-a440-4b23-a3a5-bd49ea36e411,003c80a2-83dc-4df1-a2b7-db0bfef7688e,power_connection_point,75fe2013-b247-4d9d-bad1-203bcca8cb6c,7fefb0bd-7b2a-1fd4-cd38-2a08c300e886,8d64fbe0-a8cb-45e7-a30f-e61bf15f9327,5855b8fe-6af9-4765-aeee-6d8441ec2a70
,,0,2026-04-10T04:30:58.586180417Z,2026-04-10T07:30:58.586180417Z,2026-04-10T05:28:00Z,14400,power,fb3bf0df-a440-4b23-a3a5-bd49ea36e411,fb3bf0df-a440-4b23-a3a5-bd49ea36e411,003c80a2-83dc-4df1-a2b7-db0bfef7688e,power_connection_point,75fe2013-b247-4d9d-bad1-203bcca8cb6c,7fefb0bd-7b2a-1fd4-cd38-2a08c300e886,8d64fbe0-a8cb-45e7-a30f-e61bf15f9327,5855b8fe-6af9-4765-aeee-6d8441ec2a70
,,0,2026-04-10T04:30:58.586180417Z,2026-04-10T07:30:58.586180417Z,2026-04-10T05:29:00Z,15300,power,fb3bf0df-a440-4b23-a3a5-bd49ea36e411,fb3bf0df-a440-4b23-a3a5-bd49ea36e411,003c80a2-83dc-4df1-a2b7-db0bfef7688e,power_connection_point,75fe2013-b247-4d9d-bad1-203bcca8cb6c,7fefb0bd-7b2a-1fd4-cd38-2a08c300e886,8d64fbe0-a8cb-45e7-a30f-e61bf15f9327,5855b8fe-6af9-4765-aeee-6d8441ec2a70
,,0,2026-04-10T04:30:58.586180417Z,2026-04-10T07:30:58.586180417Z,2026-04-10T05:30:00Z,13950,power,fb3bf0df-a440-4b23-a3a5-bd49ea36e411,fb3bf0df-a440-4b23-a3a5-bd49ea36e411,003c80a2-83dc-4df1-a2b7-db0bfef7688e,power_connection_point,75fe2013-b247-4d9d-bad1-203bcca8cb6c,7fefb0bd-7b2a-1fd4-cd38-2a08c300e886,8d64fbe0-a8cb-45e7-a30f-e61bf15f9327,5855b8fe-6af9-4765-aeee-6d8441ec2a70
,,0,2026-04-10T04:30:58.586180417Z,2026-04-10T07:30:58.586180417Z,2026-04-10T05:31:00Z,14100,power,fb3bf0df-a440-4b23-a3a5-bd49ea36e411,fb3bf0df-a440-4b23-a3a5-bd49ea36e411,003c80a2-83dc-4df1-a2b7-db0bfef7688e,power_connection_point,75fe2013-b247-4d9d-bad1-203bcca8cb6c,7fefb0bd-7b2a-1fd4-cd38-2a08c300e886,8d64fbe0-a8cb-45e7-a30f-e61bf15f9327,5855b8fe-6af9-4765-aeee-6d8441ec2a70
,,0,2026-04-10T04:30:58.586180417Z,2026-04-10T07:30:58.586180417Z,2026-04-10T05:32:00Z,14100,power,fb3bf0df-a440-4b23-a3a5-bd49ea36e411,fb3bf0df-a440-4b23-a3a5-bd49ea36e411,003c80a2-83dc-4df1-a2b7-db0bfef7688e,power_connection_point,75fe2013-b247-4d9d-bad1-203bcca8cb6c,7fefb0bd-7b2a-1fd4-cd38-2a08c300e886,8d64fbe0-a8cb-45e7-a30f-e61bf15f9327,5855b8fe-6af9-4765-aeee-6d8441ec2a70
,,0,2026-04-10T04:30:58.586180417Z,2026-04-10T07:30:58.586180417Z,2026-04-10T05:33:00Z,13500,power,fb3bf0df-a440-4b23-a3a5-bd49ea36e411,fb3bf0df-a440-4b23-a3a5-bd49ea36e411,003c80a2-83dc-4df1-a2b7-db0bfef7688e,power_connection_point,75fe2013-b247-4d9d-bad1-203bcca8cb6c,7fefb0bd-7b2a-1fd4-cd38-2a08c300e886,8d64fbe0-a8cb-45e7-a30f-e61bf15f9327,5855b8fe-6af9-4765-aeee-6d8441ec2a70
,,0,2026-04-10T04:30:58.586180417Z,2026-04-10T07:30:58.586180417Z,2026-04-10T05:34:00Z,14100,power,fb3bf0df-a440-4b23-a3a5-bd49ea36e411,fb3bf0df-a440-4b23-a3a5-bd49ea36e411,003c80a2-83dc-4df1-a2b7-db0bfef7688e,power_connection_point,75fe2013-b247-4d9d-bad1-203bcca8cb6c,7fefb0bd-7b2a-1fd4-cd38-2a08c300e886,8d64fbe0-a8cb-45e7-a30f-e61bf15f9327,5855b8fe-6af9-4765-aeee-6d8441ec2a70
,,0,2026-04-10T04:30:58.586180417Z,2026-04-10T07:30:58.586180417Z,2026-04-10T05:35:00Z,13500,power,fb3bf0df-a440-4b23-a3a5-bd49ea36e411,fb3bf0df-a440-4b23-a3a5-bd49ea36e411,003c80a2-83dc-4df1-a2b7-db0bfef7688e,power_connection_point,75fe2013-b247-4d9d-bad1-203bcca8cb6c,7fefb0bd-7b2a-1fd4-cd38-2a08c300e886,8d64fbe0-a8cb-45e7-a30f-e61bf15f9327,5855b8fe-6af9-4765-aeee-6d8441ec2a70
,,0,2026-04-10T04:30:58.586180417Z,2026-04-10T07:30:58.586180417Z,2026-04-10T05:36:00Z,13800,power,fb3bf0df-a440-4b23-a3a5-bd49ea36e411,fb3bf0df-a440-4b23-a3a5-bd49ea36e411,003c80a2-83dc-4df1-a2b7-db0bfef7688e,power_connection_point,75fe2013-b247-4d9d-bad1-203bcca8cb6c,7fefb0bd-7b2a-1fd4-cd38-2a08c300e886,8d64fbe0-a8cb-45e7-a30f-e61bf15f9327,5855b8fe-6af9-4765-aeee-6d8441ec2a70
,,0,2026-04-10T04:30:58.586180417Z,2026-04-10T07:30:58.586180417Z,2026-04-10T05:37:00Z,13500,power,fb3bf0df-a440-4b23-a3a5-bd49ea36e411,fb3bf0df-a440-4b23-a3a5-bd49ea36e411,003c80a2-83dc-4df1-a2b7-db0bfef7688e,power_connection_point,75fe2013-b247-4d9d-bad1-203bcca8cb6c,7fefb0bd-7b2a-1fd4-cd38-2a08c300e886,8d64fbe0-a8cb-45e7-a30f-e61bf15f9327,5855b8fe-6af9-4765-aeee-6d8441ec2a70
,,0,2026-04-10T04:30:58.586180417Z,2026-04-10T07:30:58.586180417Z,2026-04-10T05:38:00Z,13650,power,fb3bf0df-a440-4b23-a3a5-bd49ea36e411,fb3bf0df-a440-4b23-a3a5-bd49ea36e411,003c80a2-83dc-4df1-a2b7-db0bfef7688e,power_connection_point,75fe2013-b247-4d9d-bad1-203bcca8cb6c,7fefb0bd-7b2a-1fd4-cd38-2a08c300e886,8d64fbe0-a8cb-45e7-a30f-e61bf15f9327,5855b8fe-6af9-4765-aeee-6d8441ec2a70
,,0,2026-04-10T04:30:58.586180417Z,2026-04-10T07:30:58.586180417Z,2026-04-10T05:39:00Z,13800,power,fb3bf0df-a440-4b23-a3a5-bd49ea36e411,fb3bf0df-a440-4b23-a3a5-bd49ea36e411,003c80a2-83dc-4df1-a2b7-db0bfef7688e,power_connection_point,75fe2013-b247-4d9d-bad1-203bcca8cb6c,7fefb0bd-7b2a-1fd4-cd38-2a08c300e886,8d64fbe0-a8cb-45e7-a30f-e61bf15f9327,5855b8fe-6af9-4765-aeee-6d8441ec2a70
,,0,2026-04-10T04:30:58.586180417Z,2026-04-10T07:30:58.586180417Z,2026-04-10T05:40:00Z,13200,power,fb3bf0df-a440-4b23-a3a5-bd49ea36e411,fb3bf0df-a440-4b23-a3a5-bd49ea36e411,003c80a2-83dc-4df1-a2b7-db0bfef7688e,power_connection_point,75fe2013-b247-4d9d-bad1-203bcca8cb6c,7fefb0bd-7b2a-1fd4-cd38-2a08c300e886,8d64fbe0-a8cb-45e7-a30f-e61bf15f9327,5855b8fe-6af9-4765-aeee-6d8441ec2a70
,,0,2026-04-10T04:30:58.586180417Z,2026-04-10T07:30:58.586180417Z,2026-04-10T05:41:00Z,13700,power,fb3bf0df-a440-4b23-a3a5-bd49ea36e411,fb3bf0df-a440-4b23-a3a5-bd49ea36e411,003c80a2-83dc-4df1-a2b7-db0bfef7688e,power_connection_point,75fe2013-b247-4d9d-bad1-203bcca8cb6c,7fefb0bd-7b2a-1fd4-cd38-2a08c300e886,8d64fbe0-a8cb-45e7-a30f-e61bf15f9327,5855b8fe-6af9-4765-aeee-6d8441ec2a70
,,0,2026-04-10T04:30:58.586180417Z,2026-04-10T07:30:58.586180417Z,2026-04-10T05:42:00Z,13950,power,fb3bf0df-a440-4b23-a3a5-bd49ea36e411,fb3bf0df-a440-4b23-a3a5-bd49ea36e411,003c80a2-83dc-4df1-a2b7-db0bfef7688e,power_connection_point,75fe2013-b247-4d9d-bad1-203bcca8cb6c,7fefb0bd-7b2a-1fd4-cd38-2a08c300e886,8d64fbe0-a8cb-45e7-a30f-e61bf15f9327,5855b8fe-6af9-4765-aeee-6d8441ec2a70
,,0,2026-04-10T04:30:58.586180417Z,2026-04-10T07:30:58.586180417Z,2026-04-10T05:43:00Z,13200,power,fb3bf0df-a440-4b23-a3a5-bd49ea36e411,fb3bf0df-a440-4b23-a3a5-bd49ea36e411,003c80a2-83dc-4df1-a2b7-db0bfef7688e,power_connection_point,75fe2013-b247-4d9d-bad1-203bcca8cb6c,7fefb0bd-7b2a-1fd4-cd38-2a08c300e886,8d64fbe0-a8cb-45e7-a30f-e61bf15f9327,5855b8fe-6af9-4765-aeee-6d8441ec2a70
,,0,2026-04-10T04:30:58.586180417Z,2026-04-10T07:30:58.586180417Z,2026-04-10T05:44:00Z,14200,power,fb3bf0df-a440-4b23-a3a5-bd49ea36e411,fb3bf0df-a440-4b23-a3a5-bd49ea36e411,003c80a2-83dc-4df1-a2b7-db0bfef7688e,power_connection_point,75fe2013-b247-4d9d-bad1-203bcca8cb6c,7fefb0bd-7b2a-1fd4-cd38-2a08c300e886,8d64fbe0-a8cb-45e7-a30f-e61bf15f9327,5855b8fe-6af9-4765-aeee-6d8441ec2a70
,,0,2026-04-10T04:30:58.586180417Z,2026-04-10T07:30:58.586180417Z,2026-04-10T05:45:00Z,13800,power,fb3bf0df-a440-4b23-a3a5-bd49ea36e411,fb3bf0df-a440-4b23-a3a5-bd49ea36e411,003c80a2-83dc-4df1-a2b7-db0bfef7688e,power_connection_point,75fe2013-b247-4d9d-bad1-203bcca8cb6c,7fefb0bd-7b2a-1fd4-cd38-2a08c300e886,8d64fbe0-a8cb-45e7-a30f-e61bf15f9327,5855b8fe-6af9-4765-aeee-6d8441ec2a70
,,0,2026-04-10T04:30:58.586180417Z,2026-04-10T07:30:58.586180417Z,2026-04-10T05:46:00Z,14100,power,fb3bf0df-a440-4b23-a3a5-bd49ea36e411,fb3bf0df-a440-4b23-a3a5-bd49ea36e411,003c80a2-83dc-4df1-a2b7-db0bfef7688e,power_connection_point,75fe2013-b247-4d9d-bad1-203bcca8cb6c,7fefb0bd-7b2a-1fd4-cd38-2a08c300e886,8d64fbe0-a8cb-45e7-a30f-e61bf15f9327,5855b8fe-6af9-4765-aeee-6d8441ec2a70
,,0,2026-04-10T04:30:58.586180417Z,2026-04-10T07:30:58.586180417Z,2026-04-10T05:47:00Z,14400,power,fb3bf0df-a440-4b23-a3a5-bd49ea36e411,fb3bf0df-a440-4b23-a3a5-bd49ea36e411,003c80a2-83dc-4df1-a2b7-db0bfef7688e,power_connection_point,75fe2013-b247-4d9d-bad1-203bcca8cb6c,7fefb0bd-7b2a-1fd4-cd38-2a08c300e886,8d64fbe0-a8cb-45e7-a30f-e61bf15f9327,5855b8fe-6af9-4765-aeee-6d8441ec2a70
,,0,2026-04-10T04:30:58.586180417Z,2026-04-10T07:30:58.586180417Z,2026-04-10T05:48:00Z,13700,power,fb3bf0df-a440-4b23-a3a5-bd49ea36e411,fb3bf0df-a440-4b23-a3a5-bd49ea36e411,003c80a2-83dc-4df1-a2b7-db0bfef7688e,power_connection_point,75fe2013-b247-4d9d-bad1-203bcca8cb6c,7fefb0bd-7b2a-1fd4-cd38-2a08c300e886,8d64fbe0-a8cb-45e7-a30f-e61bf15f9327,5855b8fe-6af9-4765-aeee-6d8441ec2a70
,,0,2026-04-10T04:30:58.586180417Z,2026-04-10T07:30:58.586180417Z,2026-04-10T05:49:00Z,14550,power,fb3bf0df-a440-4b23-a3a5-bd49ea36e411,fb3bf0df-a440-4b23-a3a5-bd49ea36e411,003c80a2-83dc-4df1-a2b7-db0bfef7688e,power_connection_point,75fe2013-b247-4d9d-bad1-203bcca8cb6c,7fefb0bd-7b2a-1fd4-cd38-2a08c300e886,8d64fbe0-a8cb-45e7-a30f-e61bf15f9327,5855b8fe-6af9-4765-aeee-6d8441ec2a70
,,0,2026-04-10T04:30:58.586180417Z,2026-04-10T07:30:58.586180417Z,2026-04-10T05:50:00Z,13500,power,fb3bf0df-a440-4b23-a3a5-bd49ea36e411,fb3bf0df-a440-4b23-a3a5-bd49ea36e411,003c80a2-83dc-4df1-a2b7-db0bfef7688e,power_connection_point,75fe2013-b247-4d9d-bad1-203bcca8cb6c,7fefb0bd-7b2a-1fd4-cd38-2a08c300e886,8d64fbe0-a8cb-45e7-a30f-e61bf15f9327,5855b8fe-6af9-4765-aeee-6d8441ec2a70
,,0,2026-04-10T04:30:58.586180417Z,2026-04-10T07:30:58.586180417Z,2026-04-10T05:51:00Z,14100,power,fb3bf0df-a440-4b23-a3a5-bd49ea36e411,fb3bf0df-a440-4b23-a3a5-bd49ea36e411,003c80a2-83dc-4df1-a2b7-db0bfef7688e,power_connection_point,75fe2013-b247-4d9d-bad1-203bcca8cb6c,7fefb0bd-7b2a-1fd4-cd38-2a08c300e886,8d64fbe0-a8cb-45e7-a30f-e61bf15f9327,5855b8fe-6af9-4765-aeee-6d8441ec2a70
,,0,2026-04-10T04:30:58.586180417Z,2026-04-10T07:30:58.586180417Z,2026-04-10T05:52:00Z,14550,power,fb3bf0df-a440-4b23-a3a5-bd49ea36e411,fb3bf0df-a440-4b23-a3a5-bd49ea36e411,003c80a2-83dc-4df1-a2b7-db0bfef7688e,power_connection_point,75fe2013-b247-4d9d-bad1-203bcca8cb6c,7fefb0bd-7b2a-1fd4-cd38-2a08c300e886,8d64fbe0-a8cb-45e7-a30f-e61bf15f9327,5855b8fe-6af9-4765-aeee-6d8441ec2a70
,,0,2026-04-10T04:30:58.586180417Z,2026-04-10T07:30:58.586180417Z,2026-04-10T05:53:00Z,14400,power,fb3bf0df-a440-4b23-a3a5-bd49ea36e411,fb3bf0df-a440-4b23-a3a5-bd49ea36e411,003c80a2-83dc-4df1-a2b7-db0bfef7688e,power_connection_point,75fe2013-b247-4d9d-bad1-203bcca8cb6c,7fefb0bd-7b2a-1fd4-cd38-2a08c300e886,8d64fbe0-a8cb-45e7-a30f-e61bf15f9327,5855b8fe-6af9-4765-aeee-6d8441ec2a70
,,0,2026-04-10T04:30:58.586180417Z,2026-04-10T07:30:58.586180417Z,2026-04-10T05:54:00Z,14700,power,fb3bf0df-a440-4b23-a3a5-bd49ea36e411,fb3bf0df-a440-4b23-a3a5-bd49ea36e411,003c80a2-83dc-4df1-a2b7-db0bfef7688e,power_connection_point,75fe2013-b247-4d9d-bad1-203bcca8cb6c,7fefb0bd-7b2a-1fd4-cd38-2a08c300e886,8d64fbe0-a8cb-45e7-a30f-e61bf15f9327,5855b8fe-6af9-4765-aeee-6d8441ec2a70
,,0,2026-04-10T04:30:58.586180417Z,2026-04-10T07:30:58.586180417Z,2026-04-10T05:55:00Z,15000,power,fb3bf0df-a440-4b23-a3a5-bd49ea36e411,fb3bf0df-a440-4b23-a3a5-bd49ea36e411,003c80a2-83dc-4df1-a2b7-db0bfef7688e,power_connection_point,75fe2013-b247-4d9d-bad1-203bcca8cb6c,7fefb0bd-7b2a-1fd4-cd38-2a08c300e886,8d64fbe0-a8cb-45e7-a30f-e61bf15f9327,5855b8fe-6af9-4765-aeee-6d8441ec2a70
,,0,2026-04-10T04:30:58.586180417Z,2026-04-10T07:30:58.586180417Z,2026-04-10T05:56:00Z,15000,power,fb3bf0df-a440-4b23-a3a5-bd49ea36e411,fb3bf0df-a440-4b23-a3a5-bd49ea36e411,003c80a2-83dc-4df1-a2b7-db0bfef7688e,power_connection_point,75fe2013-b247-4d9d-bad1-203bcca8cb6c,7fefb0bd-7b2a-1fd4-cd38-2a08c300e886,8d64fbe0-a8cb-45e7-a30f-e61bf15f9327,5855b8fe-6af9-4765-aeee-6d8441ec2a70
,,0,2026-04-10T04:30:58.586180417Z,2026-04-10T07:30:58.586180417Z,2026-04-10T05:57:00Z,15150,power,fb3bf0df-a440-4b23-a3a5-bd49ea36e411,fb3bf0df-a440-4b23-a3a5-bd49ea36e411,003c80a2-83dc-4df1-a2b7-db0bfef7688e,power_connection_point,75fe2013-b247-4d9d-bad1-203bcca8cb6c,7fefb0bd-7b2a-1fd4-cd38-2a08c300e886,8d64fbe0-a8cb-45e7-a30f-e61bf15f9327,5855b8fe-6af9-4765-aeee-6d8441ec2a70
,,0,2026-04-10T04:30:58.586180417Z,2026-04-10T07:30:58.586180417Z,2026-04-10T06:01:00Z,15900,power,fb3bf0df-a440-4b23-a3a5-bd49ea36e411,fb3bf0df-a440-4b23-a3a5-bd49ea36e411,003c80a2-83dc-4df1-a2b7-db0bfef7688e,power_connection_point,75fe2013-b247-4d9d-bad1-203bcca8cb6c,7fefb0bd-7b2a-1fd4-cd38-2a08c300e886,8d64fbe0-a8cb-45e7-a30f-e61bf15f9327,5855b8fe-6af9-4765-aeee-6d8441ec2a70
,,0,2026-04-10T04:30:58.586180417Z,2026-04-10T07:30:58.586180417Z,2026-04-10T06:02:00Z,15300,power,fb3bf0df-a440-4b23-a3a5-bd49ea36e411,fb3bf0df-a440-4b23-a3a5-bd49ea36e411,003c80a2-83dc-4df1-a2b7-db0bfef7688e,power_connection_point,75fe2013-b247-4d9d-bad1-203bcca8cb6c,7fefb0bd-7b2a-1fd4-cd38-2a08c300e886,8d64fbe0-a8cb-45e7-a30f-e61bf15f9327,5855b8fe-6af9-4765-aeee-6d8441ec2a70
,,0,2026-04-10T04:30:58.586180417Z,2026-04-10T07:30:58.586180417Z,2026-04-10T06:03:00Z,14850,power,fb3bf0df-a440-4b23-a3a5-bd49ea36e411,fb3bf0df-a440-4b23-a3a5-bd49ea36e411,003c80a2-83dc-4df1-a2b7-db0bfef7688e,power_connection_point,75fe2013-b247-4d9d-bad1-203bcca8cb6c,7fefb0bd-7b2a-1fd4-cd38-2a08c300e886,8d64fbe0-a8cb-45e7-a30f-e61bf15f9327,5855b8fe-6af9-4765-aeee-6d8441ec2a70
,,0,2026-04-10T04:30:58.586180417Z,2026-04-10T07:30:58.586180417Z,2026-04-10T06:04:00Z,14925,power,fb3bf0df-a440-4b23-a3a5-bd49ea36e411,fb3bf0df-a440-4b23-a3a5-bd49ea36e411,003c80a2-83dc-4df1-a2b7-db0bfef7688e,power_connection_point,75fe2013-b247-4d9d-bad1-203bcca8cb6c,7fefb0bd-7b2a-1fd4-cd38-2a08c300e886,8d64fbe0-a8cb-45e7-a30f-e61bf15f9327,5855b8fe-6af9-4765-aeee-6d8441ec2a70
,,0,2026-04-10T04:30:58.586180417Z,2026-04-10T07:30:58.586180417Z,2026-04-10T06:05:00Z,14850,power,fb3bf0df-a440-4b23-a3a5-bd49ea36e411,fb3bf0df-a440-4b23-a3a5-bd49ea36e411,003c80a2-83dc-4df1-a2b7-db0bfef7688e,power_connection_point,75fe2013-b247-4d9d-bad1-203bcca8cb6c,7fefb0bd-7b2a-1fd4-cd38-2a08c300e886,8d64fbe0-a8cb-45e7-a30f-e61bf15f9327,5855b8fe-6af9-4765-aeee-6d8441ec2a70
,,0,2026-04-10T04:30:58.586180417Z,2026-04-10T07:30:58.586180417Z,2026-04-10T06:06:00Z,14100,power,fb3bf0df-a440-4b23-a3a5-bd49ea36e411,fb3bf0df-a440-4b23-a3a5-bd49ea36e411,003c80a2-83dc-4df1-a2b7-db0bfef7688e,power_connection_point,75fe2013-b247-4d9d-bad1-203bcca8cb6c,7fefb0bd-7b2a-1fd4-cd38-2a08c300e886,8d64fbe0-a8cb-45e7-a30f-e61bf15f9327,5855b8fe-6af9-4765-aeee-6d8441ec2a70
,,0,2026-04-10T04:30:58.586180417Z,2026-04-10T07:30:58.586180417Z,2026-04-10T06:07:00Z,14700,power,fb3bf0df-a440-4b23-a3a5-bd49ea36e411,fb3bf0df-a440-4b23-a3a5-bd49ea36e411,003c80a2-83dc-4df1-a2b7-db0bfef7688e,power_connection_point,75fe2013-b247-4d9d-bad1-203bcca8cb6c,7fefb0bd-7b2a-1fd4-cd38-2a08c300e886,8d64fbe0-a8cb-45e7-a30f-e61bf15f9327,5855b8fe-6af9-4765-aeee-6d8441ec2a70
,,0,2026-04-10T04:30:58.586180417Z,2026-04-10T07:30:58.586180417Z,2026-04-10T06:08:00Z,14400,power,fb3bf0df-a440-4b23-a3a5-bd49ea36e411,fb3bf0df-a440-4b23-a3a5-bd49ea36e411,003c80a2-83dc-4df1-a2b7-db0bfef7688e,power_connection_point,75fe2013-b247-4d9d-bad1-203bcca8cb6c,7fefb0bd-7b2a-1fd4-cd38-2a08c300e886,8d64fbe0-a8cb-45e7-a30f-e61bf15f9327,5855b8fe-6af9-4765-aeee-6d8441ec2a70
,,0,2026-04-10T04:30:58.586180417Z,2026-04-10T07:30:58.586180417Z,2026-04-10T06:09:00Z,14100,power,fb3bf0df-a440-4b23-a3a5-bd49ea36e411,fb3bf0df-a440-4b23-a3a5-bd49ea36e411,003c80a2-83dc-4df1-a2b7-db0bfef7688e,power_connection_point,75fe2013-b247-4d9d-bad1-203bcca8cb6c,7fefb0bd-7b2a-1fd4-cd38-2a08c300e886,8d64fbe0-a8cb-45e7-a30f-e61bf15f9327,5855b8fe-6af9-4765-aeee-6d8441ec2a70
,,0,2026-04-10T04:30:58.586180417Z,2026-04-10T07:30:58.586180417Z,2026-04-10T06:10:00Z,14700,power,fb3bf0df-a440-4b23-a3a5-bd49ea36e411,fb3bf0df-a440-4b23-a3a5-bd49ea36e411,003c80a2-83dc-4df1-a2b7-db0bfef7688e,power_connection_point,75fe2013-b247-4d9d-bad1-203bcca8cb6c,7fefb0bd-7b2a-1fd4-cd38-2a08c300e886,8d64fbe0-a8cb-45e7-a30f-e61bf15f9327,5855b8fe-6af9-4765-aeee-6d8441ec2a70
,,0,2026-04-10T04:30:58.586180417Z,2026-04-10T07:30:58.586180417Z,2026-04-10T06:11:00Z,13800,power,fb3bf0df-a440-4b23-a3a5-bd49ea36e411,fb3bf0df-a440-4b23-a3a5-bd49ea36e411,003c80a2-83dc-4df1-a2b7-db0bfef7688e,power_connection_point,75fe2013-b247-4d9d-bad1-203bcca8cb6c,7fefb0bd-7b2a-1fd4-cd38-2a08c300e886,8d64fbe0-a8cb-45e7-a30f-e61bf15f9327,5855b8fe-6af9-4765-aeee-6d8441ec2a70
,,0,2026-04-10T04:30:58.586180417Z,2026-04-10T07:30:58.586180417Z,2026-04-10T06:12:00Z,14550,power,fb3bf0df-a440-4b23-a3a5-bd49ea36e411,fb3bf0df-a440-4b23-a3a5-bd49ea36e411,003c80a2-83dc-4df1-a2b7-db0bfef7688e,power_connection_point,75fe2013-b247-4d9d-bad1-203bcca8cb6c,7fefb0bd-7b2a-1fd4-cd38-2a08c300e886,8d64fbe0-a8cb-45e7-a30f-e61bf15f9327,5855b8fe-6af9-4765-aeee-6d8441ec2a70
,,0,2026-04-10T04:30:58.586180417Z,2026-04-10T07:30:58.586180417Z,2026-04-10T06:13:00Z,14325,power,fb3bf0df-a440-4b23-a3a5-bd49ea36e411,fb3bf0df-a440-4b23-a3a5-bd49ea36e411,003c80a2-83dc-4df1-a2b7-db0bfef7688e,power_connection_point,75fe2013-b247-4d9d-bad1-203bcca8cb6c,7fefb0bd-7b2a-1fd4-cd38-2a08c300e886,8d64fbe0-a8cb-45e7-a30f-e61bf15f9327,5855b8fe-6af9-4765-aeee-6d8441ec2a70
,,0,2026-04-10T04:30:58.586180417Z,2026-04-10T07:30:58.586180417Z,2026-04-10T06:14:00Z,13800,power,fb3bf0df-a440-4b23-a3a5-bd49ea36e411,fb3bf0df-a440-4b23-a3a5-bd49ea36e411,003c80a2-83dc-4df1-a2b7-db0bfef7688e,power_connection_point,75fe2013-b247-4d9d-bad1-203bcca8cb6c,7fefb0bd-7b2a-1fd4-cd38-2a08c300e886,8d64fbe0-a8cb-45e7-a30f-e61bf15f9327,5855b8fe-6af9-4765-aeee-6d8441ec2a70
,,0,2026-04-10T04:30:58.586180417Z,2026-04-10T07:30:58.586180417Z,2026-04-10T06:15:00Z,14700,power,fb3bf0df-a440-4b23-a3a5-bd49ea36e411,fb3bf0df-a440-4b23-a3a5-bd49ea36e411,003c80a2-83dc-4df1-a2b7-db0bfef7688e,power_connection_point,75fe2013-b247-4d9d-bad1-203bcca8cb6c,7fefb0bd-7b2a-1fd4-cd38-2a08c300e886,8d64fbe0-a8cb-45e7-a30f-e61bf15f9327,5855b8fe-6af9-4765-aeee-6d8441ec2a70
,,0,2026-04-10T04:30:58.586180417Z,2026-04-10T07:30:58.586180417Z,2026-04-10T06:16:00Z,14400,power,fb3bf0df-a440-4b23-a3a5-bd49ea36e411,fb3bf0df-a440-4b23-a3a5-bd49ea36e411,003c80a2-83dc-4df1-a2b7-db0bfef7688e,power_connection_point,75fe2013-b247-4d9d-bad1-203bcca8cb6c,7fefb0bd-7b2a-1fd4-cd38-2a08c300e886,8d64fbe0-a8cb-45e7-a30f-e61bf15f9327,5855b8fe-6af9-4765-aeee-6d8441ec2a70
,,0,2026-04-10T04:30:58.586180417Z,2026-04-10T07:30:58.586180417Z,2026-04-10T06:17:00Z,15200,power,fb3bf0df-a440-4b23-a3a5-bd49ea36e411,fb3bf0df-a440-4b23-a3a5-bd49ea36e411,003c80a2-83dc-4df1-a2b7-db0bfef7688e,power_connection_point,75fe2013-b247-4d9d-bad1-203bcca8cb6c,7fefb0bd-7b2a-1fd4-cd38-2a08c300e886,8d64fbe0-a8cb-45e7-a30f-e61bf15f9327,5855b8fe-6af9-4765-aeee-6d8441ec2a70
,,0,2026-04-10T04:30:58.586180417Z,2026-04-10T07:30:58.586180417Z,2026-04-10T06:18:00Z,14500,power,fb3bf0df-a440-4b23-a3a5-bd49ea36e411,fb3bf0df-a440-4b23-a3a5-bd49ea36e411,003c80a2-83dc-4df1-a2b7-db0bfef7688e,power_connection_point,75fe2013-b247-4d9d-bad1-203bcca8cb6c,7fefb0bd-7b2a-1fd4-cd38-2a08c300e886,8d64fbe0-a8cb-45e7-a30f-e61bf15f9327,5855b8fe-6af9-4765-aeee-6d8441ec2a70
,,0,2026-04-10T04:30:58.586180417Z,2026-04-10T07:30:58.586180417Z,2026-04-10T06:19:00Z,14100,power,fb3bf0df-a440-4b23-a3a5-bd49ea36e411,fb3bf0df-a440-4b23-a3a5-bd49ea36e411,003c80a2-83dc-4df1-a2b7-db0bfef7688e,power_connection_point,75fe2013-b247-4d9d-bad1-203bcca8cb6c,7fefb0bd-7b2a-1fd4-cd38-2a08c300e886,8d64fbe0-a8cb-45e7-a30f-e61bf15f9327,5855b8fe-6af9-4765-aeee-6d8441ec2a70
,,0,2026-04-10T04:30:58.586180417Z,2026-04-10T07:30:58.586180417Z,2026-04-10T06:20:00Z,14400,power,fb3bf0df-a440-4b23-a3a5-bd49ea36e411,fb3bf0df-a440-4b23-a3a5-bd49ea36e411,003c80a2-83dc-4df1-a2b7-db0bfef7688e,power_connection_point,75fe2013-b247-4d9d-bad1-203bcca8cb6c,7fefb0bd-7b2a-1fd4-cd38-2a08c300e886,8d64fbe0-a8cb-45e7-a30f-e61bf15f9327,5855b8fe-6af9-4765-aeee-6d8441ec2a70
,,0,2026-04-10T04:30:58.586180417Z,2026-04-10T07:30:58.586180417Z,2026-04-10T06:21:00Z,13800,power,fb3bf0df-a440-4b23-a3a5-bd49ea36e411,fb3bf0df-a440-4b23-a3a5-bd49ea36e411,003c80a2-83dc-4df1-a2b7-db0bfef7688e,power_connection_point,75fe2013-b247-4d9d-bad1-203bcca8cb6c,7fefb0bd-7b2a-1fd4-cd38-2a08c300e886,8d64fbe0-a8cb-45e7-a30f-e61bf15f9327,5855b8fe-6af9-4765-aeee-6d8441ec2a70
,,0,2026-04-10T04:30:58.586180417Z,2026-04-10T07:30:58.586180417Z,2026-04-10T06:22:00Z,14550,power,fb3bf0df-a440-4b23-a3a5-bd49ea36e411,fb3bf0df-a440-4b23-a3a5-bd49ea36e411,003c80a2-83dc-4df1-a2b7-db0bfef7688e,power_connection_point,75fe2013-b247-4d9d-bad1-203bcca8cb6c,7fefb0bd-7b2a-1fd4-cd38-2a08c300e886,8d64fbe0-a8cb-45e7-a30f-e61bf15f9327,5855b8fe-6af9-4765-aeee-6d8441ec2a70
,,0,2026-04-10T04:30:58.586180417Z,2026-04-10T07:30:58.586180417Z,2026-04-10T06:23:00Z,14100,power,fb3bf0df-a440-4b23-a3a5-bd49ea36e411,fb3bf0df-a440-4b23-a3a5-bd49ea36e411,003c80a2-83dc-4df1-a2b7-db0bfef7688e,power_connection_point,75fe2013-b247-4d9d-bad1-203bcca8cb6c,7fefb0bd-7b2a-1fd4-cd38-2a08c300e886,8d64fbe0-a8cb-45e7-a30f-e61bf15f9327,5855b8fe-6af9-4765-aeee-6d8441ec2a70
,,0,2026-04-10T04:30:58.586180417Z,2026-04-10T07:30:58.586180417Z,2026-04-10T06:24:00Z,14700,power,fb3bf0df-a440-4b23-a3a5-bd49ea36e411,fb3bf0df-a440-4b23-a3a5-bd49ea36e411,003c80a2-83dc-4df1-a2b7-db0bfef7688e,power_connection_point,75fe2013-b247-4d9d-bad1-203bcca8cb6c,7fefb0bd-7b2a-1fd4-cd38-2a08c300e886,8d64fbe0-a8cb-45e7-a30f-e61bf15f9327,5855b8fe-6af9-4765-aeee-6d8441ec2a70
,,0,2026-04-10T04:30:58.586180417Z,2026-04-10T07:30:58.586180417Z,2026-04-10T06:25:00Z,14850,power,fb3bf0df-a440-4b23-a3a5-bd49ea36e411,fb3bf0df-a440-4b23-a3a5-bd49ea36e411,003c80a2-83dc-4df1-a2b7-db0bfef7688e,power_connection_point,75fe2013-b247-4d9d-bad1-203bcca8cb6c,7fefb0bd-7b2a-1fd4-cd38-2a08c300e886,8d64fbe0-a8cb-45e7-a30f-e61bf15f9327,5855b8fe-6af9-4765-aeee-6d8441ec2a70
,,0,2026-04-10T04:30:58.586180417Z,2026-04-10T07:30:58.586180417Z,2026-04-10T06:26:00Z,14400,power,fb3bf0df-a440-4b23-a3a5-bd49ea36e411,fb3bf0df-a440-4b23-a3a5-bd49ea36e411,003c80a2-83dc-4df1-a2b7-db0bfef7688e,power_connection_point,75fe2013-b247-4d9d-bad1-203bcca8cb6c,7fefb0bd-7b2a-1fd4-cd38-2a08c300e886,8d64fbe0-a8cb-45e7-a30f-e61bf15f9327,5855b8fe-6af9-4765-aeee-6d8441ec2a70
,,0,2026-04-10T04:30:58.586180417Z,2026-04-10T07:30:58.586180417Z,2026-04-10T06:27:00Z,15000,power,fb3bf0df-a440-4b23-a3a5-bd49ea36e411,fb3bf0df-a440-4b23-a3a5-bd49ea36e411,003c80a2-83dc-4df1-a2b7-db0bfef7688e,power_connection_point,75fe2013-b247-4d9d-bad1-203bcca8cb6c,7fefb0bd-7b2a-1fd4-cd38-2a08c300e886,8d64fbe0-a8cb-45e7-a30f-e61bf15f9327,5855b8fe-6af9-4765-aeee-6d8441ec2a70
,,0,2026-04-10T04:30:58.586180417Z,2026-04-10T07:30:58.586180417Z,2026-04-10T06:28:00Z,14700,power,fb3bf0df-a440-4b23-a3a5-bd49ea36e411,fb3bf0df-a440-4b23-a3a5-bd49ea36e411,003c80a2-83dc-4df1-a2b7-db0bfef7688e,power_connection_point,75fe2013-b247-4d9d-bad1-203bcca8cb6c,7fefb0bd-7b2a-1fd4-cd38-2a08c300e886,8d64fbe0-a8cb-45e7-a30f-e61bf15f9327,5855b8fe-6af9-4765-aeee-6d8441ec2a70
,,0,2026-04-10T04:30:58.586180417Z,2026-04-10T07:30:58.586180417Z,2026-04-10T06:29:00Z,14700,power,fb3bf0df-a440-4b23-a3a5-bd49ea36e411,fb3bf0df-a440-4b23-a3a5-bd49ea36e411,003c80a2-83dc-4df1-a2b7-db0bfef7688e,power_connection_point,75fe2013-b247-4d9d-bad1-203bcca8cb6c,7fefb0bd-7b2a-1fd4-cd38-2a08c300e886,8d64fbe0-a8cb-45e7-a30f-e61bf15f9327,5855b8fe-6af9-4765-aeee-6d8441ec2a70
,,0,2026-04-10T04:30:58.586180417Z,2026-04-10T07:30:58.586180417Z,2026-04-10T06:30:00Z,15300,power,fb3bf0df-a440-4b23-a3a5-bd49ea36e411,fb3bf0df-a440-4b23-a3a5-bd49ea36e411,003c80a2-83dc-4df1-a2b7-db0bfef7688e,power_connection_point,75fe2013-b247-4d9d-bad1-203bcca8cb6c,7fefb0bd-7b2a-1fd4-cd38-2a08c300e886,8d64fbe0-a8cb-45e7-a30f-e61bf15f9327,5855b8fe-6af9-4765-aeee-6d8441ec2a70
,,0,2026-04-10T04:30:58.586180417Z,2026-04-10T07:30:58.586180417Z,2026-04-10T06:31:00Z,14700,power,fb3bf0df-a440-4b23-a3a5-bd49ea36e411,fb3bf0df-a440-4b23-a3a5-bd49ea36e411,003c80a2-83dc-4df1-a2b7-db0bfef7688e,power_connection_point,75fe2013-b247-4d9d-bad1-203bcca8cb6c,7fefb0bd-7b2a-1fd4-cd38-2a08c300e886,8d64fbe0-a8cb-45e7-a30f-e61bf15f9327,5855b8fe-6af9-4765-aeee-6d8441ec2a70
,,0,2026-04-10T04:30:58.586180417Z,2026-04-10T07:30:58.586180417Z,2026-04-10T06:32:00Z,15000,power,fb3bf0df-a440-4b23-a3a5-bd49ea36e411,fb3bf0df-a440-4b23-a3a5-bd49ea36e411,003c80a2-83dc-4df1-a2b7-db0bfef7688e,power_connection_point,75fe2013-b247-4d9d-bad1-203bcca8cb6c,7fefb0bd-7b2a-1fd4-cd38-2a08c300e886,8d64fbe0-a8cb-45e7-a30f-e61bf15f9327,5855b8fe-6af9-4765-aeee-6d8441ec2a70
,,0,2026-04-10T04:30:58.586180417Z,2026-04-10T07:30:58.586180417Z,2026-04-10T06:33:00Z,15150,power,fb3bf0df-a440-4b23-a3a5-bd49ea36e411,fb3bf0df-a440-4b23-a3a5-bd49ea36e411,003c80a2-83dc-4df1-a2b7-db0bfef7688e,power_connection_point,75fe2013-b247-4d9d-bad1-203bcca8cb6c,7fefb0bd-7b2a-1fd4-cd38-2a08c300e886,8d64fbe0-a8cb-45e7-a30f-e61bf15f9327,5855b8fe-6af9-4765-aeee-6d8441ec2a70
,,0,2026-04-10T04:30:58.586180417Z,2026-04-10T07:30:58.586180417Z,2026-04-10T06:34:00Z,14700,power,fb3bf0df-a440-4b23-a3a5-bd49ea36e411,fb3bf0df-a440-4b23-a3a5-bd49ea36e411,003c80a2-83dc-4df1-a2b7-db0bfef7688e,power_connection_point,75fe2013-b247-4d9d-bad1-203bcca8cb6c,7fefb0bd-7b2a-1fd4-cd38-2a08c300e886,8d64fbe0-a8cb-45e7-a30f-e61bf15f9327,5855b8fe-6af9-4765-aeee-6d8441ec2a70
,,0,2026-04-10T04:30:58.586180417Z,2026-04-10T07:30:58.586180417Z,2026-04-10T06:35:00Z,14850,power,fb3bf0df-a440-4b23-a3a5-bd49ea36e411,fb3bf0df-a440-4b23-a3a5-bd49ea36e411,003c80a2-83dc-4df1-a2b7-db0bfef7688e,power_connection_point,75fe2013-b247-4d9d-bad1-203bcca8cb6c,7fefb0bd-7b2a-1fd4-cd38-2a08c300e886,8d64fbe0-a8cb-45e7-a30f-e61bf15f9327,5855b8fe-6af9-4765-aeee-6d8441ec2a70
,,0,2026-04-10T04:30:58.586180417Z,2026-04-10T07:30:58.586180417Z,2026-04-10T06:36:00Z,14400,power,fb3bf0df-a440-4b23-a3a5-bd49ea36e411,fb3bf0df-a440-4b23-a3a5-bd49ea36e411,003c80a2-83dc-4df1-a2b7-db0bfef7688e,power_connection_point,75fe2013-b247-4d9d-bad1-203bcca8cb6c,7fefb0bd-7b2a-1fd4-cd38-2a08c300e886,8d64fbe0-a8cb-45e7-a30f-e61bf15f9327,5855b8fe-6af9-4765-aeee-6d8441ec2a70
,,0,2026-04-10T04:30:58.586180417Z,2026-04-10T07:30:58.586180417Z,2026-04-10T06:37:00Z,14850,power,fb3bf0df-a440-4b23-a3a5-bd49ea36e411,fb3bf0df-a440-4b23-a3a5-bd49ea36e411,003c80a2-83dc-4df1-a2b7-db0bfef7688e,power_connection_point,75fe2013-b247-4d9d-bad1-203bcca8cb6c,7fefb0bd-7b2a-1fd4-cd38-2a08c300e886,8d64fbe0-a8cb-45e7-a30f-e61bf15f9327,5855b8fe-6af9-4765-aeee-6d8441ec2a70
,,0,2026-04-10T04:30:58.586180417Z,2026-04-10T07:30:58.586180417Z,2026-04-10T06:38:00Z,14400,power,fb3bf0df-a440-4b23-a3a5-bd49ea36e411,fb3bf0df-a440-4b23-a3a5-bd49ea36e411,003c80a2-83dc-4df1-a2b7-db0bfef7688e,power_connection_point,75fe2013-b247-4d9d-bad1-203bcca8cb6c,7fefb0bd-7b2a-1fd4-cd38-2a08c300e886,8d64fbe0-a8cb-45e7-a30f-e61bf15f9327,5855b8fe-6af9-4765-aeee-6d8441ec2a70
,,0,2026-04-10T04:30:58.586180417Z,2026-04-10T07:30:58.586180417Z,2026-04-10T06:39:00Z,14100,power,fb3bf0df-a440-4b23-a3a5-bd49ea36e411,fb3bf0df-a440-4b23-a3a5-bd49ea36e411,003c80a2-83dc-4df1-a2b7-db0bfef7688e,power_connection_point,75fe2013-b247-4d9d-bad1-203bcca8cb6c,7fefb0bd-7b2a-1fd4-cd38-2a08c300e886,8d64fbe0-a8cb-45e7-a30f-e61bf15f9327,5855b8fe-6af9-4765-aeee-6d8441ec2a70
,,0,2026-04-10T04:30:58.586180417Z,2026-04-10T07:30:58.586180417Z,2026-04-10T06:40:00Z,14850,power,fb3bf0df-a440-4b23-a3a5-bd49ea36e411,fb3bf0df-a440-4b23-a3a5-bd49ea36e411,003c80a2-83dc-4df1-a2b7-db0bfef7688e,power_connection_point,75fe2013-b247-4d9d-bad1-203bcca8cb6c,7fefb0bd-7b2a-1fd4-cd38-2a08c300e886,8d64fbe0-a8cb-45e7-a30f-e61bf15f9327,5855b8fe-6af9-4765-aeee-6d8441ec2a70
,,0,2026-04-10T04:30:58.586180417Z,2026-04-10T07:30:58.586180417Z,2026-04-10T06:41:00Z,14400,power,fb3bf0df-a440-4b23-a3a5-bd49ea36e411,fb3bf0df-a440-4b23-a3a5-bd49ea36e411,003c80a2-83dc-4df1-a2b7-db0bfef7688e,power_connection_point,75fe2013-b247-4d9d-bad1-203bcca8cb6c,7fefb0bd-7b2a-1fd4-cd38-2a08c300e886,8d64fbe0-a8cb-45e7-a30f-e61bf15f9327,5855b8fe-6af9-4765-aeee-6d8441ec2a70
,,0,2026-04-10T04:30:58.586180417Z,2026-04-10T07:30:58.586180417Z,2026-04-10T06:43:00Z,15000,power,fb3bf0df-a440-4b23-a3a5-bd49ea36e411,fb3bf0df-a440-4b23-a3a5-bd49ea36e411,003c80a2-83dc-4df1-a2b7-db0bfef7688e,power_connection_point,75fe2013-b247-4d9d-bad1-203bcca8cb6c,7fefb0bd-7b2a-1fd4-cd38-2a08c300e886,8d64fbe0-a8cb-45e7-a30f-e61bf15f9327,5855b8fe-6af9-4765-aeee-6d8441ec2a70
,,0,2026-04-10T04:30:58.586180417Z,2026-04-10T07:30:58.586180417Z,2026-04-10T06:44:00Z,14400,power,fb3bf0df-a440-4b23-a3a5-bd49ea36e411,fb3bf0df-a440-4b23-a3a5-bd49ea36e411,003c80a2-83dc-4df1-a2b7-db0bfef7688e,power_connection_point,75fe2013-b247-4d9d-bad1-203bcca8cb6c,7fefb0bd-7b2a-1fd4-cd38-2a08c300e886,8d64fbe0-a8cb-45e7-a30f-e61bf15f9327,5855b8fe-6af9-4765-aeee-6d8441ec2a70
,,0,2026-04-10T04:30:58.586180417Z,2026-04-10T07:30:58.586180417Z,2026-04-10T06:46:00Z,13950,power,fb3bf0df-a440-4b23-a3a5-bd49ea36e411,fb3bf0df-a440-4b23-a3a5-bd49ea36e411,003c80a2-83dc-4df1-a2b7-db0bfef7688e,power_connection_point,75fe2013-b247-4d9d-bad1-203bcca8cb6c,7fefb0bd-7b2a-1fd4-cd38-2a08c300e886,8d64fbe0-a8cb-45e7-a30f-e61bf15f9327,5855b8fe-6af9-4765-aeee-6d8441ec2a70
,,0,2026-04-10T04:30:58.586180417Z,2026-04-10T07:30:58.586180417Z,2026-04-10T06:51:00Z,14700,power,fb3bf0df-a440-4b23-a3a5-bd49ea36e411,fb3bf0df-a440-4b23-a3a5-bd49ea36e411,003c80a2-83dc-4df1-a2b7-db0bfef7688e,power_connection_point,75fe2013-b247-4d9d-bad1-203bcca8cb6c,7fefb0bd-7b2a-1fd4-cd38-2a08c300e886,8d64fbe0-a8cb-45e7-a30f-e61bf15f9327,5855b8fe-6af9-4765-aeee-6d8441ec2a70
,,0,2026-04-10T04:30:58.586180417Z,2026-04-10T07:30:58.586180417Z,2026-04-10T06:52:00Z,14700,power,fb3bf0df-a440-4b23-a3a5-bd49ea36e411,fb3bf0df-a440-4b23-a3a5-bd49ea36e411,003c80a2-83dc-4df1-a2b7-db0bfef7688e,power_connection_point,75fe2013-b247-4d9d-bad1-203bcca8cb6c,7fefb0bd-7b2a-1fd4-cd38-2a08c300e886,8d64fbe0-a8cb-45e7-a30f-e61bf15f9327,5855b8fe-6af9-4765-aeee-6d8441ec2a70
,,0,2026-04-10T04:30:58.586180417Z,2026-04-10T07:30:58.586180417Z,2026-04-10T06:53:00Z,15225,power,fb3bf0df-a440-4b23-a3a5-bd49ea36e411,fb3bf0df-a440-4b23-a3a5-bd49ea36e411,003c80a2-83dc-4df1-a2b7-db0bfef7688e,power_connection_point,75fe2013-b247-4d9d-bad1-203bcca8cb6c,7fefb0bd-7b2a-1fd4-cd38-2a08c300e886,8d64fbe0-a8cb-45e7-a30f-e61bf15f9327,5855b8fe-6af9-4765-aeee-6d8441ec2a70
,,0,2026-04-10T04:30:58.586180417Z,2026-04-10T07:30:58.586180417Z,2026-04-10T06:54:00Z,15000,power,fb3bf0df-a440-4b23-a3a5-bd49ea36e411,fb3bf0df-a440-4b23-a3a5-bd49ea36e411,003c80a2-83dc-4df1-a2b7-db0bfef7688e,power_connection_point,75fe2013-b247-4d9d-bad1-203bcca8cb6c,7fefb0bd-7b2a-1fd4-cd38-2a08c300e886,8d64fbe0-a8cb-45e7-a30f-e61bf15f9327,5855b8fe-6af9-4765-aeee-6d8441ec2a70
,,0,2026-04-10T04:30:58.586180417Z,2026-04-10T07:30:58.586180417Z,2026-04-10T06:55:00Z,15300,power,fb3bf0df-a440-4b23-a3a5-bd49ea36e411,fb3bf0df-a440-4b23-a3a5-bd49ea36e411,003c80a2-83dc-4df1-a2b7-db0bfef7688e,power_connection_point,75fe2013-b247-4d9d-bad1-203bcca8cb6c,7fefb0bd-7b2a-1fd4-cd38-2a08c300e886,8d64fbe0-a8cb-45e7-a30f-e61bf15f9327,5855b8fe-6af9-4765-aeee-6d8441ec2a70
,,0,2026-04-10T04:30:58.586180417Z,2026-04-10T07:30:58.586180417Z,2026-04-10T06:56:00Z,15150,power,fb3bf0df-a440-4b23-a3a5-bd49ea36e411,fb3bf0df-a440-4b23-a3a5-bd49ea36e411,003c80a2-83dc-4df1-a2b7-db0bfef7688e,power_connection_point,75fe2013-b247-4d9d-bad1-203bcca8cb6c,7fefb0bd-7b2a-1fd4-cd38-2a08c300e886,8d64fbe0-a8cb-45e7-a30f-e61bf15f9327,5855b8fe-6af9-4765-aeee-6d8441ec2a70
,,0,2026-04-10T04:30:58.586180417Z,2026-04-10T07:30:58.586180417Z,2026-04-10T06:57:00Z,15500,power,fb3bf0df-a440-4b23-a3a5-bd49ea36e411,fb3bf0df-a440-4b23-a3a5-bd49ea36e411,003c80a2-83dc-4df1-a2b7-db0bfef7688e,power_connection_point,75fe2013-b247-4d9d-bad1-203bcca8cb6c,7fefb0bd-7b2a-1fd4-cd38-2a08c300e886,8d64fbe0-a8cb-45e7-a30f-e61bf15f9327,5855b8fe-6af9-4765-aeee-6d8441ec2a70
,,0,2026-04-10T04:30:58.586180417Z,2026-04-10T07:30:58.586180417Z,2026-04-10T06:58:00Z,15300,power,fb3bf0df-a440-4b23-a3a5-bd49ea36e411,fb3bf0df-a440-4b23-a3a5-bd49ea36e411,003c80a2-83dc-4df1-a2b7-db0bfef7688e,power_connection_point,75fe2013-b247-4d9d-bad1-203bcca8cb6c,7fefb0bd-7b2a-1fd4-cd38-2a08c300e886,8d64fbe0-a8cb-45e7-a30f-e61bf15f9327,5855b8fe-6af9-4765-aeee-6d8441ec2a70
,,0,2026-04-10T04:30:58.586180417Z,2026-04-10T07:30:58.586180417Z,2026-04-10T06:59:00Z,15000,power,fb3bf0df-a440-4b23-a3a5-bd49ea36e411,fb3bf0df-a440-4b23-a3a5-bd49ea36e411,003c80a2-83dc-4df1-a2b7-db0bfef7688e,power_connection_point,75fe2013-b247-4d9d-bad1-203bcca8cb6c,7fefb0bd-7b2a-1fd4-cd38-2a08c300e886,8d64fbe0-a8cb-45e7-a30f-e61bf15f9327,5855b8fe-6af9-4765-aeee-6d8441ec2a70
,,0,2026-04-10T04:30:58.586180417Z,2026-04-10T07:30:58.586180417Z,2026-04-10T07:00:00Z,15600,power,fb3bf0df-a440-4b23-a3a5-bd49ea36e411,fb3bf0df-a440-4b23-a3a5-bd49ea36e411,003c80a2-83dc-4df1-a2b7-db0bfef7688e,power_connection_point,75fe2013-b247-4d9d-bad1-203bcca8cb6c,7fefb0bd-7b2a-1fd4-cd38-2a08c300e886,8d64fbe0-a8cb-45e7-a30f-e61bf15f9327,5855b8fe-6af9-4765-aeee-6d8441ec2a70
,,0,2026-04-10T04:30:58.586180417Z,2026-04-10T07:30:58.586180417Z,2026-04-10T07:01:00Z,14850,power,fb3bf0df-a440-4b23-a3a5-bd49ea36e411,fb3bf0df-a440-4b23-a3a5-bd49ea36e411,003c80a2-83dc-4df1-a2b7-db0bfef7688e,power_connection_point,75fe2013-b247-4d9d-bad1-203bcca8cb6c,7fefb0bd-7b2a-1fd4-cd38-2a08c300e886,8d64fbe0-a8cb-45e7-a30f-e61bf15f9327,5855b8fe-6af9-4765-aeee-6d8441ec2a70
,,0,2026-04-10T04:30:58.586180417Z,2026-04-10T07:30:58.586180417Z,2026-04-10T07:02:00Z,15000,power,fb3bf0df-a440-4b23-a3a5-bd49ea36e411,fb3bf0df-a440-4b23-a3a5-bd49ea36e411,003c80a2-83dc-4df1-a2b7-db0bfef7688e,power_connection_point,75fe2013-b247-4d9d-bad1-203bcca8cb6c,7fefb0bd-7b2a-1fd4-cd38-2a08c300e886,8d64fbe0-a8cb-45e7-a30f-e61bf15f9327,5855b8fe-6af9-4765-aeee-6d8441ec2a70
,,0,2026-04-10T04:30:58.586180417Z,2026-04-10T07:30:58.586180417Z,2026-04-10T07:03:00Z,15600,power,fb3bf0df-a440-4b23-a3a5-bd49ea36e411,fb3bf0df-a440-4b23-a3a5-bd49ea36e411,003c80a2-83dc-4df1-a2b7-db0bfef7688e,power_connection_point,75fe2013-b247-4d9d-bad1-203bcca8cb6c,7fefb0bd-7b2a-1fd4-cd38-2a08c300e886,8d64fbe0-a8cb-45e7-a30f-e61bf15f9327,5855b8fe-6af9-4765-aeee-6d8441ec2a70
,,0,2026-04-10T04:30:58.586180417Z,2026-04-10T07:30:58.586180417Z,2026-04-10T07:04:00Z,15450,power,fb3bf0df-a440-4b23-a3a5-bd49ea36e411,fb3bf0df-a440-4b23-a3a5-bd49ea36e411,003c80a2-83dc-4df1-a2b7-db0bfef7688e,power_connection_point,75fe2013-b247-4d9d-bad1-203bcca8cb6c,7fefb0bd-7b2a-1fd4-cd38-2a08c300e886,8d64fbe0-a8cb-45e7-a30f-e61bf15f9327,5855b8fe-6af9-4765-aeee-6d8441ec2a70
,,0,2026-04-10T04:30:58.586180417Z,2026-04-10T07:30:58.586180417Z,2026-04-10T07:05:00Z,15300,power,fb3bf0df-a440-4b23-a3a5-bd49ea36e411,fb3bf0df-a440-4b23-a3a5-bd49ea36e411,003c80a2-83dc-4df1-a2b7-db0bfef7688e,power_connection_point,75fe2013-b247-4d9d-bad1-203bcca8cb6c,7fefb0bd-7b2a-1fd4-cd38-2a08c300e886,8d64fbe0-a8cb-45e7-a30f-e61bf15f9327,5855b8fe-6af9-4765-aeee-6d8441ec2a70
,,0,2026-04-10T04:30:58.586180417Z,2026-04-10T07:30:58.586180417Z,2026-04-10T07:07:00Z,15300,power,fb3bf0df-a440-4b23-a3a5-bd49ea36e411,fb3bf0df-a440-4b23-a3a5-bd49ea36e411,003c80a2-83dc-4df1-a2b7-db0bfef7688e,power_connection_point,75fe2013-b247-4d9d-bad1-203bcca8cb6c,7fefb0bd-7b2a-1fd4-cd38-2a08c300e886,8d64fbe0-a8cb-45e7-a30f-e61bf15f9327,5855b8fe-6af9-4765-aeee-6d8441ec2a70
,,0,2026-04-10T04:30:58.586180417Z,2026-04-10T07:30:58.586180417Z,2026-04-10T07:08:00Z,15600,power,fb3bf0df-a440-4b23-a3a5-bd49ea36e411,fb3bf0df-a440-4b23-a3a5-bd49ea36e411,003c80a2-83dc-4df1-a2b7-db0bfef7688e,power_connection_point,75fe2013-b247-4d9d-bad1-203bcca8cb6c,7fefb0bd-7b2a-1fd4-cd38-2a08c300e886,8d64fbe0-a8cb-45e7-a30f-e61bf15f9327,5855b8fe-6af9-4765-aeee-6d8441ec2a70
,,0,2026-04-10T04:30:58.586180417Z,2026-04-10T07:30:58.586180417Z,2026-04-10T07:09:00Z,14700,power,fb3bf0df-a440-4b23-a3a5-bd49ea36e411,fb3bf0df-a440-4b23-a3a5-bd49ea36e411,003c80a2-83dc-4df1-a2b7-db0bfef7688e,power_connection_point,75fe2013-b247-4d9d-bad1-203bcca8cb6c,7fefb0bd-7b2a-1fd4-cd38-2a08c300e886,8d64fbe0-a8cb-45e7-a30f-e61bf15f9327,5855b8fe-6af9-4765-aeee-6d8441ec2a70
,,0,2026-04-10T04:30:58.586180417Z,2026-04-10T07:30:58.586180417Z,2026-04-10T07:10:00Z,14300,power,fb3bf0df-a440-4b23-a3a5-bd49ea36e411,fb3bf0df-a440-4b23-a3a5-bd49ea36e411,003c80a2-83dc-4df1-a2b7-db0bfef7688e,power_connection_point,75fe2013-b247-4d9d-bad1-203bcca8cb6c,7fefb0bd-7b2a-1fd4-cd38-2a08c300e886,8d64fbe0-a8cb-45e7-a30f-e61bf15f9327,5855b8fe-6af9-4765-aeee-6d8441ec2a70
,,0,2026-04-10T04:30:58.586180417Z,2026-04-10T07:30:58.586180417Z,2026-04-10T07:12:00Z,14475,power,fb3bf0df-a440-4b23-a3a5-bd49ea36e411,fb3bf0df-a440-4b23-a3a5-bd49ea36e411,003c80a2-83dc-4df1-a2b7-db0bfef7688e,power_connection_point,75fe2013-b247-4d9d-bad1-203bcca8cb6c,7fefb0bd-7b2a-1fd4-cd38-2a08c300e886,8d64fbe0-a8cb-45e7-a30f-e61bf15f9327,5855b8fe-6af9-4765-aeee-6d8441ec2a70
,,0,2026-04-10T04:30:58.586180417Z,2026-04-10T07:30:58.586180417Z,2026-04-10T07:13:00Z,14700,power,fb3bf0df-a440-4b23-a3a5-bd49ea36e411,fb3bf0df-a440-4b23-a3a5-bd49ea36e411,003c80a2-83dc-4df1-a2b7-db0bfef7688e,power_connection_point,75fe2013-b247-4d9d-bad1-203bcca8cb6c,7fefb0bd-7b2a-1fd4-cd38-2a08c300e886,8d64fbe0-a8cb-45e7-a30f-e61bf15f9327,5855b8fe-6af9-4765-aeee-6d8441ec2a70
,,0,2026-04-10T04:30:58.586180417Z,2026-04-10T07:30:58.586180417Z,2026-04-10T07:14:00Z,14100,power,fb3bf0df-a440-4b23-a3a5-bd49ea36e411,fb3bf0df-a440-4b23-a3a5-bd49ea36e411,003c80a2-83dc-4df1-a2b7-db0bfef7688e,power_connection_point,75fe2013-b247-4d9d-bad1-203bcca8cb6c,7fefb0bd-7b2a-1fd4-cd38-2a08c300e886,8d64fbe0-a8cb-45e7-a30f-e61bf15f9327,5855b8fe-6af9-4765-aeee-6d8441ec2a70
,,0,2026-04-10T04:30:58.586180417Z,2026-04-10T07:30:58.586180417Z,2026-04-10T07:15:00Z,14400,power,fb3bf0df-a440-4b23-a3a5-bd49ea36e411,fb3bf0df-a440-4b23-a3a5-bd49ea36e411,003c80a2-83dc-4df1-a2b7-db0bfef7688e,power_connection_point,75fe2013-b247-4d9d-bad1-203bcca8cb6c,7fefb0bd-7b2a-1fd4-cd38-2a08c300e886,8d64fbe0-a8cb-45e7-a30f-e61bf15f9327,5855b8fe-6af9-4765-aeee-6d8441ec2a70
,,0,2026-04-10T04:30:58.586180417Z,2026-04-10T07:30:58.586180417Z,2026-04-10T07:16:00Z,14400,power,fb3bf0df-a440-4b23-a3a5-bd49ea36e411,fb3bf0df-a440-4b23-a3a5-bd49ea36e411,003c80a2-83dc-4df1-a2b7-db0bfef7688e,power_connection_point,75fe2013-b247-4d9d-bad1-203bcca8cb6c,7fefb0bd-7b2a-1fd4-cd38-2a08c300e886,8d64fbe0-a8cb-45e7-a30f-e61bf15f9327,5855b8fe-6af9-4765-aeee-6d8441ec2a70
,,0,2026-04-10T04:30:58.586180417Z,2026-04-10T07:30:58.586180417Z,2026-04-10T07:17:00Z,14500,power,fb3bf0df-a440-4b23-a3a5-bd49ea36e411,fb3bf0df-a440-4b23-a3a5-bd49ea36e411,003c80a2-83dc-4df1-a2b7-db0bfef7688e,power_connection_point,75fe2013-b247-4d9d-bad1-203bcca8cb6c,7fefb0bd-7b2a-1fd4-cd38-2a08c300e886,8d64fbe0-a8cb-45e7-a30f-e61bf15f9327,5855b8fe-6af9-4765-aeee-6d8441ec2a70
,,0,2026-04-10T04:30:58.586180417Z,2026-04-10T07:30:58.586180417Z,2026-04-10T07:19:00Z,14500,power,fb3bf0df-a440-4b23-a3a5-bd49ea36e411,fb3bf0df-a440-4b23-a3a5-bd49ea36e411,003c80a2-83dc-4df1-a2b7-db0bfef7688e,power_connection_point,75fe2013-b247-4d9d-bad1-203bcca8cb6c,7fefb0bd-7b2a-1fd4-cd38-2a08c300e886,8d64fbe0-a8cb-45e7-a30f-e61bf15f9327,5855b8fe-6af9-4765-aeee-6d8441ec2a70
,,0,2026-04-10T04:30:58.586180417Z,2026-04-10T07:30:58.586180417Z,2026-04-10T07:20:00Z,14250,power,fb3bf0df-a440-4b23-a3a5-bd49ea36e411,fb3bf0df-a440-4b23-a3a5-bd49ea36e411,003c80a2-83dc-4df1-a2b7-db0bfef7688e,power_connection_point,75fe2013-b247-4d9d-bad1-203bcca8cb6c,7fefb0bd-7b2a-1fd4-cd38-2a08c300e886,8d64fbe0-a8cb-45e7-a30f-e61bf15f9327,5855b8fe-6af9-4765-aeee-6d8441ec2a70
,,0,2026-04-10T04:30:58.586180417Z,2026-04-10T07:30:58.586180417Z,2026-04-10T07:21:00Z,13800,power,fb3bf0df-a440-4b23-a3a5-bd49ea36e411,fb3bf0df-a440-4b23-a3a5-bd49ea36e411,003c80a2-83dc-4df1-a2b7-db0bfef7688e,power_connection_point,75fe2013-b247-4d9d-bad1-203bcca8cb6c,7fefb0bd-7b2a-1fd4-cd38-2a08c300e886,8d64fbe0-a8cb-45e7-a30f-e61bf15f9327,5855b8fe-6af9-4765-aeee-6d8441ec2a70
,,0,2026-04-10T04:30:58.586180417Z,2026-04-10T07:30:58.586180417Z,2026-04-10T07:22:00Z,14200,power,fb3bf0df-a440-4b23-a3a5-bd49ea36e411,fb3bf0df-a440-4b23-a3a5-bd49ea36e411,003c80a2-83dc-4df1-a2b7-db0bfef7688e,power_connection_point,75fe2013-b247-4d9d-bad1-203bcca8cb6c,7fefb0bd-7b2a-1fd4-cd38-2a08c300e886,8d64fbe0-a8cb-45e7-a30f-e61bf15f9327,5855b8fe-6af9-4765-aeee-6d8441ec2a70
,,0,2026-04-10T04:30:58.586180417Z,2026-04-10T07:30:58.586180417Z,2026-04-10T07:23:00Z,14700,power,fb3bf0df-a440-4b23-a3a5-bd49ea36e411,fb3bf0df-a440-4b23-a3a5-bd49ea36e411,003c80a2-83dc-4df1-a2b7-db0bfef7688e,power_connection_point,75fe2013-b247-4d9d-bad1-203bcca8cb6c,7fefb0bd-7b2a-1fd4-cd38-2a08c300e886,8d64fbe0-a8cb-45e7-a30f-e61bf15f9327,5855b8fe-6af9-4765-aeee-6d8441ec2a70
,,0,2026-04-10T04:30:58.586180417Z,2026-04-10T07:30:58.586180417Z,2026-04-10T07:24:00Z,14100,power,fb3bf0df-a440-4b23-a3a5-bd49ea36e411,fb3bf0df-a440-4b23-a3a5-bd49ea36e411,003c80a2-83dc-4df1-a2b7-db0bfef7688e,power_connection_point,75fe2013-b247-4d9d-bad1-203bcca8cb6c,7fefb0bd-7b2a-1fd4-cd38-2a08c300e886,8d64fbe0-a8cb-45e7-a30f-e61bf15f9327,5855b8fe-6af9-4765-aeee-6d8441ec2a70
,,0,2026-04-10T04:30:58.586180417Z,2026-04-10T07:30:58.586180417Z,2026-04-10T07:25:00Z,14700,power,fb3bf0df-a440-4b23-a3a5-bd49ea36e411,fb3bf0df-a440-4b23-a3a5-bd49ea36e411,003c80a2-83dc-4df1-a2b7-db0bfef7688e,power_connection_point,75fe2013-b247-4d9d-bad1-203bcca8cb6c,7fefb0bd-7b2a-1fd4-cd38-2a08c300e886,8d64fbe0-a8cb-45e7-a30f-e61bf15f9327,5855b8fe-6af9-4765-aeee-6d8441ec2a70
,,0,2026-04-10T04:30:58.586180417Z,2026-04-10T07:30:58.586180417Z,2026-04-10T07:26:00Z,14100,power,fb3bf0df-a440-4b23-a3a5-bd49ea36e411,fb3bf0df-a440-4b23-a3a5-bd49ea36e411,003c80a2-83dc-4df1-a2b7-db0bfef7688e,power_connection_point,75fe2013-b247-4d9d-bad1-203bcca8cb6c,7fefb0bd-7b2a-1fd4-cd38-2a08c300e886,8d64fbe0-a8cb-45e7-a30f-e61bf15f9327,5855b8fe-6af9-4765-aeee-6d8441ec2a70
,,0,2026-04-10T04:30:58.586180417Z,2026-04-10T07:30:58.586180417Z,2026-04-10T07:27:00Z,14400,power,fb3bf0df-a440-4b23-a3a5-bd49ea36e411,fb3bf0df-a440-4b23-a3a5-bd49ea36e411,003c80a2-83dc-4df1-a2b7-db0bfef7688e,power_connection_point,75fe2013-b247-4d9d-bad1-203bcca8cb6c,7fefb0bd-7b2a-1fd4-cd38-2a08c300e886,8d64fbe0-a8cb-45e7-a30f-e61bf15f9327,5855b8fe-6af9-4765-aeee-6d8441ec2a70
,,0,2026-04-10T04:30:58.586180417Z,2026-04-10T07:30:58.586180417Z,2026-04-10T07:28:00Z,14100,power,fb3bf0df-a440-4b23-a3a5-bd49ea36e411,fb3bf0df-a440-4b23-a3a5-bd49ea36e411,003c80a2-83dc-4df1-a2b7-db0bfef7688e,power_connection_point,75fe2013-b247-4d9d-bad1-203bcca8cb6c,7fefb0bd-7b2a-1fd4-cd38-2a08c300e886,8d64fbe0-a8cb-45e7-a30f-e61bf15f9327,5855b8fe-6af9-4765-aeee-6d8441ec2a70
,,0,2026-04-10T04:30:58.586180417Z,2026-04-10T07:30:58.586180417Z,2026-04-10T07:29:00Z,14700,power,fb3bf0df-a440-4b23-a3a5-bd49ea36e411,fb3bf0df-a440-4b23-a3a5-bd49ea36e411,003c80a2-83dc-4df1-a2b7-db0bfef7688e,power_connection_point,75fe2013-b247-4d9d-bad1-203bcca8cb6c,7fefb0bd-7b2a-1fd4-cd38-2a08c300e886,8d64fbe0-a8cb-45e7-a30f-e61bf15f9327,5855b8fe-6af9-4765-aeee-6d8441ec2a70
,,0,2026-04-10T04:30:58.586180417Z,2026-04-10T07:30:58.586180417Z,2026-04-10T07:30:00Z,14850,power,fb3bf0df-a440-4b23-a3a5-bd49ea36e411,fb3bf0df-a440-4b23-a3a5-bd49ea36e411,003c80a2-83dc-4df1-a2b7-db0bfef7688e,power_connection_point,75fe2013-b247-4d9d-bad1-203bcca8cb6c,7fefb0bd-7b2a-1fd4-cd38-2a08c300e886,8d64fbe0-a8cb-45e7-a30f-e61bf15f9327,5855b8fe-6af9-4765-aeee-6d8441ec2a70
,,0,2026-04-10T04:30:58.586180417Z,2026-04-10T07:30:58.586180417Z,2026-04-10T07:30:58.586180417Z,14400,power,fb3bf0df-a440-4b23-a3a5-bd49ea36e411,fb3bf0df-a440-4b23-a3a5-bd49ea36e411,003c80a2-83dc-4df1-a2b7-db0bfef7688e,power_connection_point,75fe2013-b247-4d9d-bad1-203bcca8cb6c,7fefb0bd-7b2a-1fd4-cd38-2a08c300e886,8d64fbe0-a8cb-45e7-a30f-e61bf15f9327,5855b8fe-6af9-4765-aeee-6d8441ec2a70

